symbol,watchlist_dates,watchlist_sides,last_side,flags,max_scan_rvol,last_close_2026_10_01,return_1d_pct,return_3d_pct,return_5d_pct,return_7sessions_pct,sma5,sma20,last_volume_ratio_20d,upstox_instrument_key,data_error,momentum_result,price_source_url
AADHARHFC,2026-10-01,long,long,1,4.678229937284746,448.4,2.8440366972477094,2.620437120952057,0.380568614282506,-2.063994758108556,439.66999999999996,458.6875,1.7423453037696452,NSE_EQ|INE883F01010,,unconfirmed/mixed,https://api.upstox.com/v3/historical-candle/NSE_EQ%7CINE883F01010/days/1/2026-10-01/2026-08-15
AARTIIND,2026-09-30,long,long,2,2.22436056322725,465.1,-2.2282951439983156,-2.4129248845992435,-4.97497190724282,-6.2298387096774155,475.31000000000006,487.1875000000001,0.8867814505951657,NSE_EQ|INE769A01020,,unconfirmed/mixed,https://api.upstox.com/v3/historical-candle/NSE_EQ%7CINE769A01020/days/1/2026-10-01/2026-08-15
AAVAS,2026-10-01,short,short,6,4.261959051619467,1190.9,-1.7328162389636081,-7.135059263880228,-5.2133078637376595,-9.306221917599554,1240.2600000000002,1278.0100000000004,2.96708143831986,NSE_EQ|INE216P01012,,sell momentum,https://api.upstox.com/v3/historical-candle/NSE_EQ%7CINE216P01012/days/1/2026-10-01/2026-08-15
ABDL,2026-09-24,long,long,1,3.0641862060494254,679.45,-5.48755042425928,-6.081968346119293,-4.59172927051884,4.869578638678829,710.6700000000001,653.3950000000001,0.9605121567824213,NSE_EQ|INE552Z01027,,unconfirmed/mixed,https://api.upstox.com/v3/historical-candle/NSE_EQ%7CINE552Z01027/days/1/2026-10-01/2026-08-15
ABLBL,2026-09-29;2026-10-01,short,short,5,4.201346371052259,74.44,-2.718243596445369,-3.5376441622392174,-5.280570047079792,-7.80282387911816,76.76599999999999,81.2145,0.7032686776701417,NSE_EQ|INE14LE01019,,unconfirmed/mixed,https://api.upstox.com/v3/historical-candle/NSE_EQ%7CINE14LE01019/days/1/2026-10-01/2026-08-15
ABREL,2026-09-23;2026-09-24;2026-10-01,long;short,short,4,6.024423516696433,1100.5,-2.670911824533484,-7.637431808644568,-9.184683941244431,-8.375655648988422,1162.84,1255.8700000000001,2.4465251160542674,NSE_EQ|INE055A01016,,sell momentum,https://api.upstox.com/v3/historical-candle/NSE_EQ%7CINE055A01016/days/1/2026-10-01/2026-08-15
ABSLAMC,2026-10-01,short,short,1,2.03882795250913,991.7,-0.3616999899527684,0.404981269616278,-3.1732083577426295,-3.437195715676722,989.0199999999999,1037.805,1.3614837047817379,NSE_EQ|INE404A01024,,unconfirmed/mixed,https://api.upstox.com/v3/historical-candle/NSE_EQ%7CINE404A01024/days/1/2026-10-01/2026-08-15
ACC,2026-09-29;2026-10-01,short,short,3,3.6028719901622437,1182.8,-1.768956066771854,-2.5298722702925436,-4.311948871450522,-4.474236795348096,1207.88,1240.56,1.0066287664768918,NSE_EQ|INE012A01025,,unconfirmed/mixed,https://api.upstox.com/v3/historical-candle/NSE_EQ%7CINE012A01025/days/1/2026-10-01/2026-08-15
AMBUJACEM,2026-09-29,short,short,1,1.729208414604173,362.25,-3.14171122994652,-3.2322692667290043,-5.688622754491024,-6.371155337296452,372.03000000000003,387.01750000000004,2.9527848618681074,NSE_EQ|INE079A01024,,sell momentum,https://api.upstox.com/v3/historical-candle/NSE_EQ%7CINE079A01024/days/1/2026-10-01/2026-08-15
APTUS,2026-09-23;2026-10-01,long;short,short,2,1.7799687569707834,226.4,-2.636218982496885,-4.661641470501532,-6.026896895234923,-6.477197620621289,234.868,244.85599999999994,0.8863308618215017,NSE_EQ|INE852O01025,,unconfirmed/mixed,https://api.upstox.com/v3/historical-candle/NSE_EQ%7CINE852O01025/days/1/2026-10-01/2026-08-15
ARE&M,2026-10-01,short,short,1,1.5040256000712635,747.4,-0.947584653104494,-3.5550680689076852,-6.034699522252951,-5.774079677256694,767.03,804.1949999999999,1.163559516581999,NSE_EQ|INE885A01032,,unconfirmed/mixed,https://api.upstox.com/v3/historical-candle/NSE_EQ%7CINE885A01032/days/1/2026-10-01/2026-08-15
ASAHIINDIA,2026-09-24,long,long,2,3.2090993020421728,944.25,-1.5226573499504625,1.146162497991532,-2.1908017402113122,-2.1654665077967095,950.9099999999999,959.4074999999999,0.9814223485425411,NSE_EQ|INE439A01020,,unconfirmed/mixed,https://api.upstox.com/v3/historical-candle/NSE_EQ%7CINE439A01020/days/1/2026-10-01/2026-08-15
AWL,2026-09-29,short,short,1,1.6433839875272296,175.43,-1.2663214768122488,-2.894940772722232,-5.013806919703279,-4.188967777170937,179.372,184.12999999999997,0.9763141488431757,NSE_EQ|INE699H01024,,unconfirmed/mixed,https://api.upstox.com/v3/historical-candle/NSE_EQ%7CINE699H01024/days/1/2026-10-01/2026-08-15
BAJAJHFL,2026-09-29;2026-09-30,short;long,long,2,2.7275867806172283,82.91,1.1097560975609655,0.47261269995153565,-0.06027000964319296,-0.25264677574592387,82.36600000000001,83.299,1.8175682612901247,NSE_EQ|INE377Y01014,,unconfirmed/mixed,https://api.upstox.com/v3/historical-candle/NSE_EQ%7CINE377Y01014/days/1/2026-10-01/2026-08-15
BERGEPAINT,2026-09-30;2026-10-01,long;short,short,2,1.9241790149542648,452.4,-0.6696673619497218,-0.09937065253395883,0.6675567423231055,-0.044189129474159206,453.45,460.7700000000001,0.9660327892438332,NSE_EQ|INE463A01038,,unconfirmed/mixed,https://api.upstox.com/v3/historical-candle/NSE_EQ%7CINE463A01038/days/1/2026-10-01/2026-08-15
BHARTIHEXA,2026-09-28;2026-10-01,short,short,4,5.908700557361039,1379.2,-3.180063180063175,-3.315807921486147,-8.49256900212314,-10.108844424167362,1424.2800000000002,1496.2050000000002,1.313713843338729,NSE_EQ|INE343G01021,,sell momentum,https://api.upstox.com/v3/historical-candle/NSE_EQ%7CINE343G01021/days/1/2026-10-01/2026-08-15
BIKAJI,2026-09-23;2026-09-29;2026-10-01,long;short,short,5,5.322019867549669,504.05,-3.4016864699118354,-9.65226743143932,-12.369610570236445,-8.958728438544206,537.7700000000001,560.2299999999999,1.5337154719980859,NSE_EQ|INE00E101023,,sell momentum,https://api.upstox.com/v3/historical-candle/NSE_EQ%7CINE00E101023/days/1/2026-10-01/2026-08-15
BSOFT,2026-09-30,long,long,1,1.5410220669459673,269.75,-0.7177033492822948,-0.552995391705069,-2.8628015844436416,-4.054775031122171,271.15999999999997,279.6575,1.0172393662568935,NSE_EQ|INE836A01035,,unconfirmed/mixed,https://api.upstox.com/v3/historical-candle/NSE_EQ%7CINE836A01035/days/1/2026-10-01/2026-08-15
CARBORUNIV,2026-09-24,long,long,1,1.971813984367927,1239.7,-1.0219560878243494,-0.6491424907837717,-4.381025838796759,2.344588458680774,1243.8,1156.48,0.6117847221138264,NSE_EQ|INE120A01034,,unconfirmed/mixed,https://api.upstox.com/v3/historical-candle/NSE_EQ%7CINE120A01034/days/1/2026-10-01/2026-08-15
CCL,2026-09-28,short,short,1,1.5030419107706174,1056.6,3.63903874448257,2.423419930205517,1.645021645021627,0.6285714285714228,1031.6599999999999,1067.0149999999999,2.809758641699388,NSE_EQ|INE421D01022,,unconfirmed/mixed,https://api.upstox.com/v3/historical-candle/NSE_EQ%7CINE421D01022/days/1/2026-10-01/2026-08-15
CHALET,2026-09-23;2026-09-28;2026-09-29;2026-10-01,long;short,short,4,3.8006806691477992,830.25,-1.7688121154756375,-4.453650958052824,-7.224270868253435,-4.826044592193501,853.3,870.5775,0.8424051433115562,NSE_EQ|INE427F01016,,unconfirmed/mixed,https://api.upstox.com/v3/historical-candle/NSE_EQ%7CINE427F01016/days/1/2026-10-01/2026-08-15
CHOLAHLDNG,2026-09-29,short,short,1,2.0660130595961683,1369.6,-1.1975183956139168,-1.4959723820483495,-4.397598771464473,-6.166072896684027,1383.72,1472.735,1.2743975509848353,NSE_EQ|INE149A01033,,unconfirmed/mixed,https://api.upstox.com/v3/historical-candle/NSE_EQ%7CINE149A01033/days/1/2026-10-01/2026-08-15
CIEINDIA,2026-09-24;2026-09-30;2026-10-01,long;short,short,3,1.675445833597766,376.35,-2.5757183536111783,-1.8260075648884877,-3.239490937138445,-3.6482334869431643,382.65,383.75750000000005,1.003542152151597,NSE_EQ|INE536H01010,,unconfirmed/mixed,https://api.upstox.com/v3/historical-candle/NSE_EQ%7CINE536H01010/days/1/2026-10-01/2026-08-15
COROMANDEL,2026-09-29;2026-10-01,short,short,2,3.736002271436684,1763.6,0.3071322943919874,-7.13495866463062,-9.209781209781209,-9.321816031672592,1835.5399999999997,1920.875,1.54471355635361,NSE_EQ|INE169A01031,,sell momentum,https://api.upstox.com/v3/historical-candle/NSE_EQ%7CINE169A01031/days/1/2026-10-01/2026-08-15
CREDITACC,2026-09-28;2026-10-01,short,short,5,2.479072899866276,1239,-2.594339622641506,-1.290630975143403,-5.786632195270314,-8.756167611753451,1256.26,1361.49,1.8783073921711155,NSE_EQ|INE741K01010,,sell momentum,https://api.upstox.com/v3/historical-candle/NSE_EQ%7CINE741K01010/days/1/2026-10-01/2026-08-15
DALBHARAT,2026-09-30,long,long,1,1.5138196828619903,1682.1,-0.09502880560671167,1.8466941147977645,-2.271670927260061,-3.416398713826363,1671,1716.1150000000002,0.8467961921422139,NSE_EQ|INE00R701025,,unconfirmed/mixed,https://api.upstox.com/v3/historical-candle/NSE_EQ%7CINE00R701025/days/1/2026-10-01/2026-08-15
DCMSHRIRAM,2026-09-29;2026-10-01,short,short,6,5.5712234453812455,906.85,-0.9556574923547445,-3.9964005928435298,-7.046945469454691,-7.398141529664038,929.8299999999999,979.6124999999998,2.00233918128655,NSE_EQ|INE499A01024,,sell momentum,https://api.upstox.com/v3/historical-candle/NSE_EQ%7CINE499A01024/days/1/2026-10-01/2026-08-15
DEEPAKFERT,2026-09-25,long,long,1,3.635184086840509,1300.9,-3.708364174685408,-3.672713809700101,-4.4439547524607,-2.946881527902123,1335.02,1340.9250000000002,0.914810769454115,NSE_EQ|INE501A01019,,unconfirmed/mixed,https://api.upstox.com/v3/historical-candle/NSE_EQ%7CINE501A01019/days/1/2026-10-01/2026-08-15
DEVYANI,2026-09-28,short,short,1,1.5729128821928062,127.07,-2.471409931690838,-3.0665954687619235,-7.585454545454551,-12.06836897100546,130.83800000000002,136.83750000000003,0.5980633927943138,NSE_EQ|INE872J01023,,unconfirmed/mixed,https://api.upstox.com/v3/historical-candle/NSE_EQ%7CINE872J01023/days/1/2026-10-01/2026-08-15
ECLERX,2026-09-29,short,short,1,1.554401907029607,1802.9,-0.9341172591900704,-0.7322982050434912,-4.613512512565466,-6.299048905982008,1821.5,1896.25,0.6412504302159624,NSE_EQ|INE738I01010,,unconfirmed/mixed,https://api.upstox.com/v3/historical-candle/NSE_EQ%7CINE738I01010/days/1/2026-10-01/2026-08-15
EIHOTEL,2026-09-29,long,long,3,9.17204730881931,297.85,-1.079375622716705,0.9318874957641388,0.3199730549006574,-1.9907864429088318,298.12,296.42500000000007,0.38724570382895807,NSE_EQ|INE230A01023,,unconfirmed/mixed,https://api.upstox.com/v3/historical-candle/NSE_EQ%7CINE230A01023/days/1/2026-10-01/2026-08-15
ELECON,2026-09-23,long,long,3,61.525856005218934,440,-4.720658293633607,-8.476339053562143,-4.160313657155312,4.624895969563658,464.23999999999995,435.855,0.37165437061730494,NSE_EQ|INE205B01031,,unconfirmed/mixed,https://api.upstox.com/v3/historical-candle/NSE_EQ%7CINE205B01031/days/1/2026-10-01/2026-08-15
ERIS,2026-09-29;2026-10-01,short,short,2,3.8168927449901258,1189.8,-0.17618927762397263,-3.7612230041252137,-6.653067629060095,-6.40339836375079,1219.24,1288.69,0.9199405473192637,NSE_EQ|INE406M01024,,unconfirmed/mixed,https://api.upstox.com/v3/historical-candle/NSE_EQ%7CINE406M01024/days/1/2026-10-01/2026-08-15
FIVESTAR,2026-09-29,short,short,1,2.5532499068449774,506.25,-2.0508851697784714,-2.3343300858493343,-3.543869677050593,-3.543869677050593,511.93,528.375,0.7719332337551866,NSE_EQ|INE128S01021,,unconfirmed/mixed,https://api.upstox.com/v3/historical-candle/NSE_EQ%7CINE128S01021/days/1/2026-10-01/2026-08-15
GODFRYPHLP,2026-09-30,long,long,1,2.128178200183613,1849.7,-2.2253938048419464,-4.235050478902402,-6.296859169199598,-6.106598984771572,1901.08,1962.7450000000001,1.48891970570743,NSE_EQ|INE260B01028,,unconfirmed/mixed,https://api.upstox.com/v3/historical-candle/NSE_EQ%7CINE260B01028/days/1/2026-10-01/2026-08-15
GODIGIT,2026-09-28;2026-09-29,long;short,short,3,6.055003617180935,256.3,-1.442030378773318,-2.640075973409306,2.3971234518577633,5.974777754806704,257.3,252.70750000000004,0.28587446887622153,NSE_EQ|INE03JT01014,,unconfirmed/mixed,https://api.upstox.com/v3/historical-candle/NSE_EQ%7CINE03JT01014/days/1/2026-10-01/2026-08-15
GODREJIND,2026-09-25;2026-09-28,long;short,short,2,3.7347903311420523,1019.6,-1.9049451606696244,-5.250441408790996,-7.224749772520466,-7.275372862859209,1059.22,1109.0849999999998,1.2086547148519875,NSE_EQ|INE233A01035,,unconfirmed/mixed,https://api.upstox.com/v3/historical-candle/NSE_EQ%7CINE233A01035/days/1/2026-10-01/2026-08-15
GRAVITA,2026-09-28;2026-09-30;2026-10-01,short;long,short,3,1.6300297196578943,1412.6,-2.4043111786652083,-4.256472820929924,-6.783687475254075,-9.732251262061487,1455.5400000000002,1586.9850000000004,1.4043778926651942,NSE_EQ|INE024L01027,,sell momentum,https://api.upstox.com/v3/historical-candle/NSE_EQ%7CINE024L01027/days/1/2026-10-01/2026-08-15
HOMEFIRST,2026-09-28,short,short,1,1.6843298905881272,1125.7,1.8917451122375084,2.8976234003656343,-2.7473002159827176,-7.158762886597936,1108.4,1180.99,0.6760269268745798,NSE_EQ|INE481N01025,,unconfirmed/mixed,https://api.upstox.com/v3/historical-candle/NSE_EQ%7CINE481N01025/days/1/2026-10-01/2026-08-15
HONASA,2026-09-28;2026-09-29,long;short,short,3,43.86059960358587,427.9,-0.7998145357598352,-8.185816972427862,-9.52531980124749,-9.659030930011614,446.48999999999995,465.73249999999996,1.0728873366988816,NSE_EQ|INE0J5401028,,unconfirmed/mixed,https://api.upstox.com/v3/historical-candle/NSE_EQ%7CINE0J5401028/days/1/2026-10-01/2026-08-15
HUDCO,2026-10-01,short,short,1,1.5392373611741321,161.54,-3.0255732981150363,-4.221510731649481,-7.331344653510785,-6.2993039443155485,167.26799999999997,172.9305,1.684407478456678,NSE_EQ|INE031A01017,,sell momentum,https://api.upstox.com/v3/historical-candle/NSE_EQ%7CINE031A01017/days/1/2026-10-01/2026-08-15
IGL,2026-09-29;2026-10-01,short,short,4,3.1342901316091303,142.79,-1.936680173065053,-0.45315114333519535,-2.0241526005214894,-2.6520316334878724,143.762,148.892,1.281733820700822,NSE_EQ|INE203G01027,,unconfirmed/mixed,https://api.upstox.com/v3/historical-candle/NSE_EQ%7CINE203G01027/days/1/2026-10-01/2026-08-15
IKS,2026-09-23;2026-09-28,long;short,short,3,13.857783545958789,1776.4,1.6537911301859776,0.45238633793258654,-4.9189102392549255,-4.964690776802905,1777.5,1788.3050000000003,0.6614349751067288,NSE_EQ|INE115Q01022,,unconfirmed/mixed,https://api.upstox.com/v3/historical-candle/NSE_EQ%7CINE115Q01022/days/1/2026-10-01/2026-08-15
INDGN,2026-09-25,long,long,1,1.7262142806923908,593.5,0.4655099449851985,-3.2284363280613015,-0.10099309880491347,0.2364465461915266,602.33,593.05,0.9032583418676589,NSE_EQ|INE065X01017,,unconfirmed/mixed,https://api.upstox.com/v3/historical-candle/NSE_EQ%7CINE065X01017/days/1/2026-10-01/2026-08-15
INDIACEM,2026-09-28;2026-09-29;2026-09-30,short;long,long,3,2.088995199077137,295.15,-2.219645519297675,-5.5217669654289425,-10.587700696758573,-13.356817848231328,307.24000000000007,336.82,1.2901720303542403,NSE_EQ|INE383A01012,,unconfirmed/mixed,https://api.upstox.com/v3/historical-candle/NSE_EQ%7CINE383A01012/days/1/2026-10-01/2026-08-15
INDIAMART,2026-09-30,long,long,1,1.9245069198109181,1620.3,-0.5340699815837957,-1.0201588271227857,-0.9536035209976257,-0.9112035225048998,1628.26,1661.1200000000003,0.5222734650982738,NSE_EQ|INE933S01016,,unconfirmed/mixed,https://api.upstox.com/v3/historical-candle/NSE_EQ%7CINE933S01016/days/1/2026-10-01/2026-08-15
INTELLECT,2026-09-30,long,long,2,1.8527217000192333,610.95,-0.43999022243949026,-3.261816166574283,-4.344762799436353,-5.681204168274789,620.49,656.4275,0.8780145853355192,NSE_EQ|INE306R01017,,unconfirmed/mixed,https://api.upstox.com/v3/historical-candle/NSE_EQ%7CINE306R01017/days/1/2026-10-01/2026-08-15
IPCALAB,2026-09-24,long,long,1,1.931042307544501,1943.2,0.8406850025947099,1.2452456624811203,-2.6989134244654656,-2.469383657900026,1939.6799999999998,1963.6199999999997,1.3722298464979161,NSE_EQ|INE571A01038,,unconfirmed/mixed,https://api.upstox.com/v3/historical-candle/NSE_EQ%7CINE571A01038/days/1/2026-10-01/2026-08-15
IRCTC,2026-10-01,long,long,1,1.575008104529399,454.1,-0.285463328941582,0.13230429988975168,-1.5394622723330365,-3.3109762589162095,454.85,464.13,2.252904463129597,NSE_EQ|INE335Y01020,,unconfirmed/mixed,https://api.upstox.com/v3/historical-candle/NSE_EQ%7CINE335Y01020/days/1/2026-10-01/2026-08-15
IREDA,2026-09-25,long,long,1,1.6154963310602253,111,-0.6088825214899729,-3.3269465249956442,0.8082826264644405,0.6802721088435382,112.34400000000001,111.67999999999998,1.1059250712738884,NSE_EQ|INE202E01016,,unconfirmed/mixed,https://api.upstox.com/v3/historical-candle/NSE_EQ%7CINE202E01016/days/1/2026-10-01/2026-08-15
ITCHOTELS,2026-09-24,long,long,1,2.1558406865864574,158.51,-3.4241150307682933,-0.037838178722326976,-3.353454057679406,-0.05674653215637093,160.728,158.065,1.3614832514924602,NSE_EQ|INE379A01028,,unconfirmed/mixed,https://api.upstox.com/v3/historical-candle/NSE_EQ%7CINE379A01028/days/1/2026-10-01/2026-08-15
J&KBANK,2026-09-29;2026-10-01,short;long,long,3,1.5768015251130734,139.98,0.9592499098449281,-1.5957820738137118,-4.820833616645137,-4.0838700835960084,141.1,145.58100000000002,2.0980536971204384,NSE_EQ|INE168A01041,,unconfirmed/mixed,https://api.upstox.com/v3/historical-candle/NSE_EQ%7CINE168A01041/days/1/2026-10-01/2026-08-15
JBMA,2026-09-23;2026-10-01,long;short,short,3,2.9180158153263287,544.65,-2.1293800539083585,-4.623062779091147,-8.16120057330747,-8.176683806794237,564.3900000000001,595.4624999999999,1.5142843484708028,NSE_EQ|INE927D01051,,sell momentum,https://api.upstox.com/v3/historical-candle/NSE_EQ%7CINE927D01051/days/1/2026-10-01/2026-08-15
JKTYRE,2026-09-23;2026-09-30,long,long,5,2.4082062508810775,340.35,-1.9164265129682945,0.7548845470692678,-1.9729262672810943,-1.7748917748917736,341.16,351.2700000000001,1.0275144133649863,NSE_EQ|INE573A01042,,unconfirmed/mixed,https://api.upstox.com/v3/historical-candle/NSE_EQ%7CINE573A01042/days/1/2026-10-01/2026-08-15
JUBLFOOD,2026-09-29;2026-10-01,short,short,6,4.66748240020537,443.4,-2.9121961900591242,-7.3741382912053455,-7.412821048235541,-9.712889431887605,465.27,476.26500000000004,1.5251679232859943,NSE_EQ|INE797F01020,,sell momentum,https://api.upstox.com/v3/historical-candle/NSE_EQ%7CINE797F01020/days/1/2026-10-01/2026-08-15
JUBLINGREA,2026-09-23;2026-09-25;2026-09-28;2026-09-30,long,long,6,5.930752757832605,638,-2.32700551132885,-2.5656689065363447,0.4170929408987112,3.303108808290145,648.24,650.11,0.8216829629968603,NSE_EQ|INE0BY001018,,unconfirmed/mixed,https://api.upstox.com/v3/historical-candle/NSE_EQ%7CINE0BY001018/days/1/2026-10-01/2026-08-15
JWL,2026-10-01,short,short,3,4.317311633633936,223.93,-3.942175703500339,0.7649732259370934,-1.8152321655631964,-2.0557232209246323,225.166,232.9415,1.2290316452910017,NSE_EQ|INE209L01016,,unconfirmed/mixed,https://api.upstox.com/v3/historical-candle/NSE_EQ%7CINE209L01016/days/1/2026-10-01/2026-08-15
KAJARIACER,2026-09-29;2026-09-30,short;long,long,2,6.443543405058776,1225.1,-0.8096510404015822,2.992854140395118,0.27009330495988415,3.506252112200059,1211.6599999999999,1220.52,1.374866511732595,NSE_EQ|INE217B01036,,unconfirmed/mixed,https://api.upstox.com/v3/historical-candle/NSE_EQ%7CINE217B01036/days/1/2026-10-01/2026-08-15
KIMS,2026-09-30;2026-10-01,short,short,3,2.10281830761416,736.25,-1.3598606645230382,-3.9402439819949175,-8.020488475232689,-6.780197518359077,759.83,773.79,1.6807322276676644,NSE_EQ|INE967H01025,,sell momentum,https://api.upstox.com/v3/historical-candle/NSE_EQ%7CINE967H01025/days/1/2026-10-01/2026-08-15
KPIL,2026-09-28,short,short,1,1.953442270341418,1356.4,-1.7528610748949625,-1.3957545798196969,-3.086596170334366,-3.121205628169399,1373.78,1402.8899999999999,0.7810379372705953,NSE_EQ|INE220B01022,,unconfirmed/mixed,https://api.upstox.com/v3/historical-candle/NSE_EQ%7CINE220B01022/days/1/2026-10-01/2026-08-15
LEMONTREE,2026-09-28;2026-10-01,short;long,long,2,3.8848536544985173,107.67,3.2805755395683533,3.7083413600462523,0.8901799100449859,0.14882336526833573,105.21199999999999,105.5035,13.861001745049684,NSE_EQ|INE970X01018,,unconfirmed/mixed,https://api.upstox.com/v3/historical-candle/NSE_EQ%7CINE970X01018/days/1/2026-10-01/2026-08-15
LTFOODS,2026-10-01,short,short,1,2.022453998778477,399.15,-0.3121878121878141,-2.2888616891064917,-5.971731448763251,-5.26877892488431,406.64000000000004,427.4225,1.7591535232168765,NSE_EQ|INE818H01020,,sell momentum,https://api.upstox.com/v3/historical-candle/NSE_EQ%7CINE818H01020/days/1/2026-10-01/2026-08-15
MEDANTA,2026-09-30,short,short,1,1.74081050117478,1357.3,-0.5641025641025643,-5.309055392772444,-9.885805337936537,-8.771340233902404,1413.24,1446.8,1.4020396582845454,NSE_EQ|INE474Q01031,,sell momentum,https://api.upstox.com/v3/historical-candle/NSE_EQ%7CINE474Q01031/days/1/2026-10-01/2026-08-15
MGL,2026-09-23;2026-10-01,long;short,short,3,8.778592294548861,1045.4,-1.1909262759924322,-0.3241800152555152,-3.167839940718764,-2.0519066804084996,1054.8,1076.1950000000002,1.6090047502873173,NSE_EQ|INE002S01010,,sell momentum,https://api.upstox.com/v3/historical-candle/NSE_EQ%7CINE002S01010/days/1/2026-10-01/2026-08-15
MINDACORP,2026-10-01,short,short,1,1.5020050586993334,667.35,-3.680450313920758,-0.8395245170876642,-1.9035719535498985,-2.6334986868981503,676.9599999999999,688.2425,2.8635578275767544,NSE_EQ|INE842C01021,,unconfirmed/mixed,https://api.upstox.com/v3/historical-candle/NSE_EQ%7CINE842C01021/days/1/2026-10-01/2026-08-15
NATCOPHARM,2026-09-23;2026-09-24;2026-09-28;2026-10-01,long;short,short,4,2.0624908895358685,821.3,-0.7492447129909374,-0.8750226298956054,-2.458432304038005,0.7668241212195559,831.95,826.305,1.5582529348579315,NSE_EQ|INE987B01026,,unconfirmed/mixed,https://api.upstox.com/v3/historical-candle/NSE_EQ%7CINE987B01026/days/1/2026-10-01/2026-08-15
NAVA,2026-09-30,long,long,3,2.364142354645148,552.5,-1.2246357379100736,1.0054844606947055,-0.8078994614003632,0.29043383554183677,551.25,553.3075000000001,1.3570625116624733,NSE_EQ|INE725A01030,,unconfirmed/mixed,https://api.upstox.com/v3/historical-candle/NSE_EQ%7CINE725A01030/days/1/2026-10-01/2026-08-15
NBCC,2026-09-29,short,short,1,1.8516158152254425,77.4,-1.401273885350307,-3.5033038274529194,-5.999514209375755,-5.494505494505497,79.396,82.5265,1.28212101576969,NSE_EQ|INE095N01031,,unconfirmed/mixed,https://api.upstox.com/v3/historical-candle/NSE_EQ%7CINE095N01031/days/1/2026-10-01/2026-08-15
NCC,2026-09-29,long,long,1,28.259006460131086,130.06,0.9155803848541311,-0.17652928083504715,-2.5183630640083887,-3.2363663417900423,130.064,138.049,1.943261236769541,NSE_EQ|INE868B01028,,unconfirmed/mixed,https://api.upstox.com/v3/historical-candle/NSE_EQ%7CINE868B01028/days/1/2026-10-01/2026-08-15
NEWGEN,2026-09-29,short,short,1,3.603495155946643,456.35,-2.4580527946991504,-3.8048060708262943,-7.5465964343598095,-7.938269114383689,471.38,496.0950000000001,0.8534996526732236,NSE_EQ|INE619B01017,,unconfirmed/mixed,https://api.upstox.com/v3/historical-candle/NSE_EQ%7CINE619B01017/days/1/2026-10-01/2026-08-15
NH,2026-09-30;2026-10-01,short,short,4,2.8735255426920676,1741.4,-2.791113095902642,-4.32393824515136,-7.258880545348035,-7.5346466309138105,1800.8399999999997,1867.22,1.1452222248533228,NSE_EQ|INE410P01011,,unconfirmed/mixed,https://api.upstox.com/v3/historical-candle/NSE_EQ%7CINE410P01011/days/1/2026-10-01/2026-08-15
NIVABUPA,2026-09-28;2026-09-29,short,short,2,4.523661570728777,72.98,-2.446197032482289,-3.631321801135612,-4.137659267043203,-9.711740690337745,74.798,78.645,0.6893403497155429,NSE_EQ|INE995S01015,,unconfirmed/mixed,https://api.upstox.com/v3/historical-candle/NSE_EQ%7CINE995S01015/days/1/2026-10-01/2026-08-15
NTPCGREEN,2026-09-23,long,long,3,1.9622245395772913,91.09,-2.4418978258541335,-1.2146188049018458,-4.5478361102378795,-2.3791662201264607,92.026,90.12550000000002,0.6992666089798288,NSE_EQ|INE0ONG01011,,unconfirmed/mixed,https://api.upstox.com/v3/historical-candle/NSE_EQ%7CINE0ONG01011/days/1/2026-10-01/2026-08-15
NUVOCO,2026-10-01,short,short,4,4.4258240472433,322.1,-4.647720544701006,-1.150836274359368,-3.850746268656713,-4.943190202154346,330.28000000000003,332.475,2.8074005932630293,NSE_EQ|INE118D01016,,sell momentum,https://api.upstox.com/v3/historical-candle/NSE_EQ%7CINE118D01016/days/1/2026-10-01/2026-08-15
OLECTRA,2026-09-23;2026-10-01,long;short,short,4,4.204683434518647,1096.2,-3.3503791218480017,-6.611006985857893,-11.881028938906745,-9.940847847518896,1149.66,1197.0550000000003,1.590816867379201,NSE_EQ|INE260D01016,,sell momentum,https://api.upstox.com/v3/historical-candle/NSE_EQ%7CINE260D01016/days/1/2026-10-01/2026-08-15
PETRONET,2026-09-28;2026-09-29;2026-09-30,long;short,long,3,3.0040974165770318,285.5,0.35149384885764245,-1.5007762635846245,-0.38381018841592285,1.3309671694764935,285.86,286.4625,1.016283711880309,NSE_EQ|INE347G01014,,unconfirmed/mixed,https://api.upstox.com/v3/historical-candle/NSE_EQ%7CINE347G01014/days/1/2026-10-01/2026-08-15
POLYMED,2026-09-24;2026-09-29,long,long,2,1.876991448553795,1638.1,-2.132871310789819,0.08553797275003827,-4.539627039627048,-3.5844614479105363,1663.5400000000002,1706.3,0.632078170506833,NSE_EQ|INE205C01021,,unconfirmed/mixed,https://api.upstox.com/v3/historical-candle/NSE_EQ%7CINE205C01021/days/1/2026-10-01/2026-08-15
RAILTEL,2026-10-01,short,short,1,1.5069749941979431,257.2,-3.1808770939205644,0.409916064805782,-1.6631619193270941,-2.538840469874948,259.67999999999995,262.3275,1.0490172176053645,NSE_EQ|INE0DD101019,,unconfirmed/mixed,https://api.upstox.com/v3/historical-candle/NSE_EQ%7CINE0DD101019/days/1/2026-10-01/2026-08-15
RAINBOW,2026-09-30;2026-10-01,short,short,4,2.2058799690926088,1279.8,-2.6249714677014424,-6.760891738306862,-9.401104346594924,-10.559787546299537,1341.7400000000002,1420.06,1.64855846155697,NSE_EQ|INE961O01016,,sell momentum,https://api.upstox.com/v3/historical-candle/NSE_EQ%7CINE961O01016/days/1/2026-10-01/2026-08-15
RAMCOCEM,2026-09-29,short,short,1,1.737612106140374,830.85,-1.7385133936490993,-2.09744888941259,-4.729962160302714,-5.959252971137518,847.3700000000001,866.1924999999999,0.3783714470082343,NSE_EQ|INE331A01037,,unconfirmed/mixed,https://api.upstox.com/v3/historical-candle/NSE_EQ%7CINE331A01037/days/1/2026-10-01/2026-08-15
RHIM,2026-09-23,long,long,2,7.295833210335735,384.85,0,-0.45266425245732433,0.2735799895779101,1.4899789029535926,387.18999999999994,376.6825,0.3927998824827885,NSE_EQ|INE743M01012,,unconfirmed/mixed,https://api.upstox.com/v3/historical-candle/NSE_EQ%7CINE743M01012/days/1/2026-10-01/2026-08-15
RITES,2026-09-29;2026-09-30,short;long,long,3,1.8154180128899826,209.48,0.20569241808179317,6.817602366019049,3.836621393873285,2.8880157170923404,201.252,206.746,7.5175025203924575,NSE_EQ|INE320J01015,,unconfirmed/mixed,https://api.upstox.com/v3/historical-candle/NSE_EQ%7CINE320J01015/days/1/2026-10-01/2026-08-15
RKFORGE,2026-10-01,short,short,1,1.5050714909091198,695.45,-0.9753666524277227,-1.0880386858199365,-1.9871749700514307,-2.9040139616055782,704,708.6625,1.4689006739981736,NSE_EQ|INE399G01023,,unconfirmed/mixed,https://api.upstox.com/v3/historical-candle/NSE_EQ%7CINE399G01023/days/1/2026-10-01/2026-08-15
SAPPHIRE,2026-09-29,short,short,1,1.546121398660058,209.82,-1.0656356092040853,-3.1659590179065944,-7.03588834736375,-11.557916034395554,214.648,225.2255,0.6266362693483082,NSE_EQ|INE806T01020,,unconfirmed/mixed,https://api.upstox.com/v3/historical-candle/NSE_EQ%7CINE806T01020/days/1/2026-10-01/2026-08-15
SAREGAMA,2026-09-29,short,short,2,2.3397510833691286,494.75,-2.3294837627085174,1.051879084967311,-0.7423011335138896,-1.7085526969305653,496.25,496.42249999999996,0.5672098575602386,NSE_EQ|INE979A01025,,unconfirmed/mixed,https://api.upstox.com/v3/historical-candle/NSE_EQ%7CINE979A01025/days/1/2026-10-01/2026-08-15
SBFC,2026-09-28,short,short,1,1.5065680088968167,84.19,-1.5091249415067898,-3.0292559318129464,-5.553062598160197,-6.879769936953872,85.962,92.88450000000002,1.0095733616262363,NSE_EQ|INE423Y01016,,unconfirmed/mixed,https://api.upstox.com/v3/historical-candle/NSE_EQ%7CINE423Y01016/days/1/2026-10-01/2026-08-15
SCHNEIDER,2026-10-01,long,long,2,1.8233636814233167,1275.4,5.983048030580029,7.33883184649049,4.64391204463408,5.040355789820472,1213.8399999999997,1212.5150000000003,6.542244751367832,NSE_EQ|INE839M01018,,buy momentum,https://api.upstox.com/v3/historical-candle/NSE_EQ%7CINE839M01018/days/1/2026-10-01/2026-08-15
SIGNATURE,2026-09-28,short,short,1,13.561328521079693,737.45,1.4164890325242485,-5.497533158198243,-6.0094315574815145,-3.361289477132745,757.65,768.9200000000002,0.6696049737248955,NSE_EQ|INE903U01023,,unconfirmed/mixed,https://api.upstox.com/v3/historical-candle/NSE_EQ%7CINE903U01023/days/1/2026-10-01/2026-08-15
SPLPETRO,2026-09-23,long,long,2,2.7010430762656443,780.45,-3.4335560504825557,-9.758917731398508,-11.30242072962836,-9.748482220294875,833.0699999999999,825.0175000000002,0.5414086513525772,NSE_EQ|INE663A01033,,unconfirmed/mixed,https://api.upstox.com/v3/historical-candle/NSE_EQ%7CINE663A01033/days/1/2026-10-01/2026-08-15
SUMICHEM,2026-09-30;2026-10-01,long;short,short,3,2.7759693347503673,417.6,-3.6122331217541825,-3.7233429394812667,-7.1380920613742465,-8.721311475409832,432.41999999999996,460.7875000000001,3.103928804609603,NSE_EQ|INE258G01013,,sell momentum,https://api.upstox.com/v3/historical-candle/NSE_EQ%7CINE258G01013/days/1/2026-10-01/2026-08-15
SUNTV,2026-09-23;2026-09-24;2026-09-28,long,long,4,2.925405389350693,599.9,-0.8429752066115737,15.387574533564141,17.007996879266617,22.403591103856346,558.25,490.63,2.1182017615225974,NSE_EQ|INE424H01027,,buy momentum,https://api.upstox.com/v3/historical-candle/NSE_EQ%7CINE424H01027/days/1/2026-10-01/2026-08-15
SYNGENE,2026-09-23,long,long,1,1.6750729882677953,361.3,-1.09499041883383,-3.9095744680851086,-5.008544761403977,-4.291390728476818,369.7,380.4125,0.8404596637603639,NSE_EQ|INE398R01022,,unconfirmed/mixed,https://api.upstox.com/v3/historical-candle/NSE_EQ%7CINE398R01022/days/1/2026-10-01/2026-08-15
TARIL,2026-10-01,long,long,2,54.497421061926175,280.8,3.9614957423176556,3.826955074875227,0.14265335235379428,0.017809439002669514,274.37,284.24249999999995,65.51578034758111,NSE_EQ|INE763I01026,,unconfirmed/mixed,https://api.upstox.com/v3/historical-candle/NSE_EQ%7CINE763I01026/days/1/2026-10-01/2026-08-15
TATACAP,2026-09-23;2026-09-28;2026-09-29;2026-10-01,long;short,short,5,4.880776890452386,319.3,-2.6375971946943078,-2.6821091130752817,-5.040892193308544,-6.391087657578421,329.16999999999996,349.13750000000005,1.718855976462654,NSE_EQ|INE976I01016,,sell momentum,https://api.upstox.com/v3/historical-candle/NSE_EQ%7CINE976I01016/days/1/2026-10-01/2026-08-15
TBOTEK,2026-10-01,long,long,3,4.1314121335308505,1671.5,-0.8129598860669329,1.0091854000483513,-0.9305357989568552,-1.8900041087045905,1678.6199999999997,1686.6950000000004,1.9502356489893617,NSE_EQ|INE673O01025,,unconfirmed/mixed,https://api.upstox.com/v3/historical-candle/NSE_EQ%7CINE673O01025/days/1/2026-10-01/2026-08-15
TENNIND,2026-09-29,long,long,1,1.6971057097548987,495.4,-2.528283325135272,-1.3442198546251172,-3.1002444987775157,-7.010793054903807,505.93,514.0825,1.0027219413420045,NSE_EQ|INE19RI01016,,unconfirmed/mixed,https://api.upstox.com/v3/historical-candle/NSE_EQ%7CINE19RI01016/days/1/2026-10-01/2026-08-15
THELEELA,2026-09-30,long,long,1,1.6628016522936444,568.95,-0.8452422446845409,3.8419419602117255,6.704801200300081,5.939856624150464,554.0799999999999,543.7125,0.5989603757079129,NSE_EQ|INE0AQ201015,,unconfirmed/mixed,https://api.upstox.com/v3/historical-candle/NSE_EQ%7CINE0AQ201015/days/1/2026-10-01/2026-08-15
TRITURBINE,2026-09-29,short,short,2,2.543897277510867,530,-1.742677048572483,-3.9245898667633394,-3.950706777818047,-3.688896965291655,543.76,557.2425,0.9785347855105541,NSE_EQ|INE152M01016,,unconfirmed/mixed,https://api.upstox.com/v3/historical-candle/NSE_EQ%7CINE152M01016/days/1/2026-10-01/2026-08-15
UBL,2026-09-29,short,short,1,1.6124944038452542,1188.8,2.6508937052068138,-2.349268933793336,-6.408439615808536,-2.172481895984213,1205.16,1240.2649999999999,0.8764366589378084,NSE_EQ|INE686F01025,,unconfirmed/mixed,https://api.upstox.com/v3/historical-candle/NSE_EQ%7CINE686F01025/days/1/2026-10-01/2026-08-15
