symbol,company_name,sector
AARTIIND,Aarti Industries Ltd,CHEMICALS
ABBOTINDIA,Abbott India Ltd,PHARMACEUTICALS
ABCAPITAL,Aditya Birla Capital Ltd,FINANCIAL SERVICES
ABFRL,Aditya Birla Fashion and Retail Ltd,CONSUMER DISCRETIONARY
ACC,ACC Ltd,CEMENT
AIAENG,AIA Engineering Ltd,CAPITAL GOODS
AJANTPHARM,Ajanta Pharma Ltd,PHARMACEUTICALS
ALKEM,Alkem Laboratories Ltd,PHARMACEUTICALS
ANGELONE,Angel One Ltd,FINANCIAL SERVICES
APLAPOLLO,APL Apollo Tubes Ltd,METALS & MINING
APOLLOHOSP,Apollo Hospitals Enterprise Ltd,HEALTHCARE
APOLLOTYRE,Apollo Tyres Ltd,CONSUMER DISCRETIONARY
ARVINDFASN,Arvind Fashions Ltd,CONSUMER DISCRETIONARY
ASAHIINDIA,Asahi India Glass Ltd,CAPITAL GOODS
ASTRAZEN,AstraZeneca Pharma India Ltd,PHARMACEUTICALS
ASTRAL,Astral Ltd,CAPITAL GOODS
ATUL,Atul Ltd,CHEMICALS
AUBANK,AU Small Finance Bank Ltd,FINANCIAL SERVICES
AUROPHARMA,Aurobindo Pharma Ltd,PHARMACEUTICALS
BALKRISIND,Balkrishna Industries Ltd,CONSUMER DISCRETIONARY
BALRAMCHIN,Balrampur Chini Mills Ltd,CONSUMER STAPLES
BANDHANBNK,Bandhan Bank Ltd,FINANCIAL SERVICES
BATAINDIA,Bata India Ltd,CONSUMER DISCRETIONARY
BAYERCROP,Bayer CropScience Ltd,CHEMICALS
BERGEPAINT,Berger Paints India Ltd,CONSUMER DISCRETIONARY
BHARATFORG,Bharat Forge Ltd,CAPITAL GOODS
BHARTIARTL,Bharti Airtel Ltd,TELECOM
BHEL,Bharat Heavy Electricals Ltd,CAPITAL GOODS
BIOCON,Biocon Ltd,PHARMACEUTICALS
BLUESTARCO,Blue Star Ltd,CONSUMER DISCRETIONARY
BPCL,Bharat Petroleum Corporation Ltd,OIL & GAS
BRIGADE,Brigade Enterprises Ltd,REAL ESTATE
BRITANNIA,Britannia Industries Ltd,CONSUMER STAPLES
BSOFT,BIRLASOFT Ltd,IT
CAMS,Computer Age Management Services Ltd,FINANCIAL SERVICES
CANFINHOME,Can Fin Homes Ltd,FINANCIAL SERVICES
CDSL,Central Depository Services Ltd,FINANCIAL SERVICES
CEATLTD,CEAT Ltd,CONSUMER DISCRETIONARY
CENTURYPLY,Century Plyboards Ltd,CONSUMER DISCRETIONARY
CENTURYTEX,Century Textiles & Industries Ltd,CONSUMER DISCRETIONARY
CESC,CESC Ltd,UTILITIES
CHALET,Chalet Hotels Ltd,CONSUMER DISCRETIONARY
CHAMBLFERT,Chambal Fertilisers and Chemicals Ltd,CHEMICALS
CHOLAFIN,Cholamandalam Investment and Finance Co Ltd,FINANCIAL SERVICES
CIPLA,Cipla Ltd,PHARMACEUTICALS
COALINDIA,Coal India Ltd,METALS & MINING
COFORGE,Coforge Ltd,IT
COLPAL,Colgate-Palmolive India Ltd,CONSUMER STAPLES
CONCOR,Container Corporation of India Ltd,INDUSTRIALS
COROMANDEL,Coromandel International Ltd,CHEMICALS
CROMPTON,Crompton Greaves Consumer Electricals Ltd,CONSUMER DISCRETIONARY
CUMMINSIND,Cummins India Ltd,CAPITAL GOODS
CYIENT,Cyient Ltd,IT
DABUR,Dabur India Ltd,CONSUMER STAPLES
DALBHARAT,Dalmia Bharat Ltd,CEMENT
DEEPAKFERT,Deepak Fertilisers and Petrochemicals Corp Ltd,CHEMICALS
DEEPAKNTR,Deepak Nitrite Ltd,CHEMICALS
DELTACORP,Delta Corp Ltd,CONSUMER DISCRETIONARY
DMART,Avenue Supermarts Ltd,CONSUMER STAPLES
ELGIEQUIP,Elgi Equipments Ltd,CAPITAL GOODS
EMAMILTD,Emami Ltd,CONSUMER STAPLES
ENDURANCE,Endurance Technologies Ltd,CONSUMER DISCRETIONARY
ENGINERSIN,Engineers India Ltd,CAPITAL GOODS
EQUITASBNK,Equitas Small Finance Bank Ltd,FINANCIAL SERVICES
ESTER,Ester Industries Ltd,CHEMICALS
EXIDEIND,Exide Industries Ltd,CONSUMER DISCRETIONARY
FEDERALBNK,Federal Bank Ltd,FINANCIAL SERVICES
FINPIPE,Finolex Industries Ltd,CONSUMER DISCRETIONARY
FLUOROCHEM,Gujarat Fluorochemicals Ltd,CHEMICALS
FORCEMOT,Force Motors Ltd,CONSUMER DISCRETIONARY
FORTIS,Fortis Healthcare Ltd,HEALTHCARE
GAIL,GAIL India Ltd,OIL & GAS
GALAXY,Galaxy Surfactants Ltd,CHEMICALS
GARFIBRES,Garware Technical Fibres Ltd,CONSUMER DISCRETIONARY
GESHIP,Great Eastern Shipping Company Ltd,INDUSTRIALS
GLENMARK,Glenmark Pharmaceuticals Ltd,PHARMACEUTICALS
GLOSTERLTD,Gloster Ltd,CONSUMER DISCRETIONARY
GMRINFRA,GMR Airports Infrastructure Ltd,INDUSTRIALS
GODREJCP,Godrej Consumer Products Ltd,CONSUMER STAPLES
GODREJIND,Godrej Industries Ltd,CONSUMER STAPLES
GODREJPROP,Godrej Properties Ltd,REAL ESTATE
GRANULES,Granules India Ltd,PHARMACEUTICALS
GRAPHITE,Graphite India Ltd,CAPITAL GOODS
GREAVESCOT,Greaves Cotton Ltd,CAPITAL GOODS
GRINDWELL,Grindwell Norton Ltd,CAPITAL GOODS
GUJGASLTD,Gujarat Gas Ltd,OIL & GAS
GUJSTATE,Gujarat State Petronet Ltd,OIL & GAS
HAPPSTMNDS,Happiest Minds Technologies Ltd,IT
HATSUN,Hatsun Agro Products Ltd,CONSUMER STAPLES
HCLTECH,HCL Technologies Ltd,IT
HDFC,Housing Development Finance Corporation Ltd,FINANCIAL SERVICES
HDFCAMC,HDFC Asset Management Company Ltd,FINANCIAL SERVICES
HDFCLIFE,HDFC Life Insurance Company Ltd,FINANCIAL SERVICES
HEROMOTOCO,Hero MotoCorp Ltd,CONSUMER DISCRETIONARY
HEXAWARE,Hexaware Technologies Ltd,IT
HIKAL,Hikal Ltd,CHEMICALS
HINDPETRO,Hindustan Petroleum Corporation Ltd,OIL & GAS
HINDUNILVR,Hindustan Unilever Ltd,CONSUMER STAPLES
HMIL,Honeywell Automation India Ltd,CAPITAL GOODS
HUDCO,Housing and Urban Development Corporation Ltd,FINANCIAL SERVICES
IDFCFIRSTB,IDFC First Bank Ltd,FINANCIAL SERVICES
INDHOTEL,Indian Hotels Company Ltd,CONSUMER DISCRETIONARY
INDIAMART,Indiamart Intermesh Ltd,IT
INDIANB,Indian Bank,FINANCIAL SERVICES
INDIGO,InterGlobe Aviation Ltd,INDUSTRIALS
INOXWIND,Inox Wind Ltd,CAPITAL GOODS
INTELLECT,Intellect Design Arena Ltd,IT
IOC,Indian Oil Corporation Ltd,OIL & GAS
IPCALAB,IPCA Laboratories Ltd,PHARMACEUTICALS
ISEC,ICICI Securities Ltd,FINANCIAL SERVICES
ITC,ITC Ltd,CONSUMER STAPLES
J&KBANK,Jammu & Kashmir Bank Ltd,FINANCIAL SERVICES
JBCHEPHARM,JB Chemicals & Pharmaceuticals Ltd,PHARMACEUTICALS
JKCEMENT,JK Cement Ltd,CEMENT
JKPAPER,JK Paper Ltd,CONSUMER DISCRETIONARY
JMFINANCIL,JM Financial Ltd,FINANCIAL SERVICES
JPPOWER,Jaiprakash Power Ventures Ltd,UTILITIES
JUBLFOOD,Jubilant Foodworks Ltd,CONSUMER DISCRETIONARY
JUBLINDS,Jubilant Industries Ltd,CHEMICALS
KAJARIACER,Kajaria Ceramics Ltd,CONSUMER DISCRETIONARY
KALPATPOWR,Kalpataru Projects International Ltd,CAPITAL GOODS
KANSAINER,Kansai Nerolac Paints Ltd,CONSUMER DISCRETIONARY
KAYNES,Kaynes Technology India Ltd,CAPITAL GOODS
KFINTECH,KFin Technologies Ltd,FINANCIAL SERVICES
KIMS,Krishna Institute of Medical Sciences Ltd,HEALTHCARE
KIRLOSENG,Kirloskar Electric Company Ltd,CAPITAL GOODS
KNRCON,KNR Constructions Ltd,CAPITAL GOODS
KRBL,KRBL Ltd,CONSUMER STAPLES
KSCL,Kaveri Seed Company Ltd,CONSUMER STAPLES
LALPATHLAB,Dr Lal PathLabs Ltd,HEALTHCARE
LAURUSLABS,Laurus Labs Ltd,PHARMACEUTICALS
LICHSGFIN,LIC Housing Finance Ltd,FINANCIAL SERVICES
LTIM,LTIMindtree Ltd,IT
LTTS,L&T Technology Services Ltd,IT
LUPIN,Lupin Ltd,PHARMACEUTICALS
MARICO,Marico Ltd,CONSUMER STAPLES
MAZDOCK,Mazagon Dock Shipbuilders Ltd,CAPITAL GOODS
MEDPLUS,Medplus Health Services Ltd,HEALTHCARE
METROPOLIS,Metropolis Healthcare Ltd,HEALTHCARE
MFSL,Max Financial Services Ltd,FINANCIAL SERVICES
MIDHANI,Mishra Dhatu Nigam Ltd,METALS & MINING
MINDAIND,Minda Industries Ltd,CONSUMER DISCRETIONARY
MOTHERSON,Samvardhana Motherson International Ltd,CONSUMER DISCRETIONARY
MPHASIS,Mphasis Ltd,IT
MRF,MRF Ltd,CONSUMER DISCRETIONARY
MUTHOOTFIN,Muthoot Finance Ltd,FINANCIAL SERVICES
NATCOPHARM,Natco Pharma Ltd,PHARMACEUTICALS
NAVINFLUOR,Navin Fluorine International Ltd,CHEMICALS
NESTLEIND,Nestle India Ltd,CONSUMER STAPLES
NETWORK18,Network18 Media & Investments Ltd,CONSUMER DISCRETIONARY
NIACL,New India Assurance Company Ltd,FINANCIAL SERVICES
NLCINDIA,NLC India Ltd,UTILITIES
NMDC,NMDC Ltd,METALS & MINING
NUVOCO,Nuvoco Vistas Corporation Ltd,CEMENT
OBEROIRLTY,Oberoi Realty Ltd,REAL ESTATE
OFSS,Oracle Financial Services Software Ltd,IT
OIL,Oil India Ltd,OIL & GAS
PAGEIND,Page Industries Ltd,CONSUMER DISCRETIONARY
PEL,Piramal Enterprises Ltd,FINANCIAL SERVICES
PERSISTENT,Persistent Systems Ltd,IT
PGHH,Procter & Gamble Hygiene and Health Care Ltd,CONSUMER STAPLES
PHOENIXLTD,Phoenix Mills Ltd,REAL ESTATE
PIDILITIND,Pidilite Industries Ltd,CHEMICALS
PIIND,PI Industries Ltd,CHEMICALS
POLICYBZR,PB Fintech Ltd,FINANCIAL SERVICES
POLYCAB,Polycab India Ltd,CAPITAL GOODS
POLYMED,Poly Medicure Ltd,HEALTHCARE
POONAWALLA,Poonawalla Fincorp Ltd,FINANCIAL SERVICES
PRESTIGE,Prestige Estates Projects Ltd,REAL ESTATE
PRINCEPIPE,Prince Pipes and Fittings Ltd,CAPITAL GOODS
PRSMJOHNSN,Prism Johnson Ltd,CEMENT
PVRINOX,PVR INOX Ltd,CONSUMER DISCRETIONARY
RADIOCITY,Music Broadcast Ltd,CONSUMER DISCRETIONARY
RAINBOW,Rainbow Children's Medicare Ltd,HEALTHCARE
RAJESHEXPO,Rajesh Exports Ltd,CONSUMER DISCRETIONARY
RAMCOCEM,Ramco Cements Ltd,CEMENT
RATNAMANI,Ratnamani Metals & Tubes Ltd,METALS & MINING
RAYMOND,Raymond Ltd,CONSUMER DISCRETIONARY
RECLTD,REC Ltd,FINANCIAL SERVICES
REDINGTON,Redington Ltd,IT
RELAXO,Relaxo Footwears Ltd,CONSUMER DISCRETIONARY
RITES,RITES Ltd,CAPITAL GOODS
ROSSARI,Rossari Biotech Ltd,CHEMICALS
ROUTE,Route Mobile Ltd,IT
SANOFI,Sanofi India Ltd,PHARMACEUTICALS
SAPPHIRE,Sapphire Foods India Ltd,CONSUMER DISCRETIONARY
SCHAEFFLER,Schaeffler India Ltd,CAPITAL GOODS
SHREECEM,Shree Cement Ltd,CEMENT
SIEMENS,Siemens Ltd,CAPITAL GOODS
SOBHA,Sobha Ltd,REAL ESTATE
SRF,SRF Ltd,CHEMICALS
STARHEALTH,Star Health and Allied Insurance Co Ltd,FINANCIAL SERVICES
SUNTV,Sun TV Network Ltd,CONSUMER DISCRETIONARY
SUPREMEIND,Supreme Industries Ltd,CAPITAL GOODS
SUZLON,Suzlon Energy Ltd,CAPITAL GOODS
SYNGENE,Syngene International Ltd,PHARMACEUTICALS
TANLA,Tanla Platforms Ltd,IT
TATACOMM,Tata Communications Ltd,TELECOM
TATAELXSI,Tata Elxsi Ltd,IT
TIINDIA,Tube Investments of India Ltd,CAPITAL GOODS
TORNTPHARM,Torrent Pharmaceuticals Ltd,PHARMACEUTICALS
TRENT,Trent Ltd,CONSUMER DISCRETIONARY
TRIDENT,Trident Ltd,CONSUMER DISCRETIONARY
TRITURBINE,Triveni Turbine Ltd,CAPITAL GOODS
UCOBANK,UCO Bank,FINANCIAL SERVICES
UJJIVANSFB,Ujjivan Small Finance Bank Ltd,FINANCIAL SERVICES
UNITDSPR,United Spirits Ltd,CONSUMER STAPLES
USHAMART,Usha Martin Ltd,METALS & MINING
UTIAMC,UTI Asset Management Company Ltd,FINANCIAL SERVICES
VAIBHAVGBL,Vaibhav Global Ltd,CONSUMER DISCRETIONARY
VAKRANGEE,Vakrangee Ltd,IT
VBL,Varun Beverages Ltd,CONSUMER STAPLES
VEDL,Vedanta Ltd,METALS & MINING
VIJAYABANK,Vijaya Bank,FINANCIAL SERVICES
VINATIORGA,Vinati Organics Ltd,CHEMICALS
VOLTAS,Voltas Ltd,CONSUMER DISCRETIONARY
VSTIND,VST Industries Ltd,CONSUMER STAPLES
WHIRLPOOL,Whirlpool of India Ltd,CONSUMER DISCRETIONARY
WIPRO,Wipro Ltd,IT
WOCKPHARMA,Wockhardt Ltd,PHARMACEUTICALS
ZEEL,Zee Entertainment Enterprises Ltd,CONSUMER DISCRETIONARY
ZENTEC,Zen Technologies Ltd,CAPITAL GOODS
ZOMATO,Zomato Ltd,CONSUMER DISCRETIONARY
ZYDUSLIFE,Zydus Lifesciences Ltd,PHARMACEUTICALS
