fold_id,start_date,end_date,initial_value,final_value,cagr_pct,sharpe,sortino,max_drawdown_pct,max_dd_duration_days,win_rate_pct,profit_factor,total_trades,winning_trades,losing_trades,avg_hold_days,avg_win_pct,avg_loss_pct,alpha_pct,vs_nifty_cagr_pct,annualised_turnover,passes_gate
1,2021-01-01,2021-03-31,1000000.0,1000000.0,0.0,0.0,10.0,0.0,0,0.0,0.0,0,0,0,0.0,0.0,0.0,-21.1772,21.1772,0.0,False
2,2021-02-01,2021-04-30,1000000.0,1000000.0,0.0,0.0,10.0,0.0,0,0.0,0.0,0,0,0,0.0,0.0,0.0,-10.561,10.561,0.0,False
3,2021-03-01,2021-05-31,1000000.0,1000000.0,0.0,0.0,10.0,0.0,0,0.0,0.0,0,0,0,0.0,0.0,0.0,-24.2546,24.2546,0.0,False
4,2021-04-01,2021-06-30,1000000.0,1000000.0,0.0,0.0,10.0,0.0,0,0.0,0.0,0,0,0,0.0,0.0,0.0,-25.4266,25.4266,0.0,False
5,2021-05-01,2021-07-31,1000000.0,1000000.0,0.0,0.0,10.0,0.0,0,0.0,0.0,0,0,0,0.0,0.0,0.0,-34.7242,34.7242,0.0,False
6,2021-06-01,2021-08-31,1000000.0,1000000.0,0.0,0.0,10.0,0.0,0,0.0,0.0,0,0,0,0.0,0.0,0.0,-46.5588,46.5588,0.0,False
7,2021-07-01,2021-09-30,1000000.0,1000000.0,0.0,0.0,10.0,0.0,0,0.0,0.0,0,0,0,0.0,0.0,0.0,-59.5928,59.5928,0.0,False
8,2021-08-01,2021-10-31,1000000.0,1000000.0,0.0,0.0,10.0,0.0,0,0.0,0.0,0,0,0,0.0,0.0,0.0,-53.3387,53.3387,0.0,False
9,2021-09-01,2021-11-30,1000000.0,1000000.0,0.0,0.0,10.0,0.0,0,0.0,0.0,0,0,0,0.0,0.0,0.0,2.1916,-2.1916,0.0,False
10,2021-10-01,2021-12-31,1000000.0,1000000.0,0.0,0.0,10.0,0.0,0,0.0,0.0,0,0,0,0.0,0.0,0.0,4.0105,-4.0105,0.0,False
11,2021-11-01,2022-01-31,1000000.0,1000000.0,0.0,0.0,10.0,0.0,0,0.0,0.0,0,0,0,0.0,0.0,0.0,12.5551,-12.5551,0.0,False
12,2021-12-01,2022-02-28,1000000.0,1000000.0,0.0,0.0,10.0,0.0,0,0.0,0.0,0,0,0,0.0,0.0,0.0,8.6152,-8.6152,0.0,False
13,2022-01-01,2022-03-31,1000000.0,1000000.0,0.0,0.0,10.0,0.0,0,0.0,0.0,0,0,0,0.0,0.0,0.0,3.6923,-3.6923,0.0,False
14,2022-02-01,2022-04-30,1000000.0,1000000.0,0.0,0.0,10.0,0.0,0,0.0,0.0,0,0,0,0.0,0.0,0.0,10.7261,-10.7261,0.0,False
15,2022-03-01,2022-05-31,1000000.0,1000000.0,0.0,0.0,10.0,0.0,0,0.0,0.0,0,0,0,0.0,0.0,0.0,0.5159,-0.5159,0.0,False
16,2022-04-01,2022-06-30,1000000.0,1000000.0,0.0,0.0,10.0,0.0,0,0.0,0.0,0,0,0,0.0,0.0,0.0,36.7973,-36.7973,0.0,False
17,2022-05-01,2022-07-31,1000000.0,1000000.0,0.0,0.0,10.0,0.0,0,0.0,0.0,0,0,0,0.0,0.0,0.0,-2.1114,2.1114,0.0,False
18,2022-06-01,2022-08-31,1000000.0,1000000.0,0.0,0.0,10.0,0.0,0,0.0,0.0,0,0,0,0.0,0.0,0.0,-33.573,33.573,0.0,False
19,2022-07-01,2022-09-30,1000000.0,1000000.0,0.0,0.0,10.0,0.0,0,0.0,0.0,0,0,0,0.0,0.0,0.0,-38.8201,38.8201,0.0,False
20,2022-08-01,2022-10-31,1000000.0,1000000.0,0.0,0.0,10.0,0.0,0,0.0,0.0,0,0,0,0.0,0.0,0.0,-16.4788,16.4788,0.0,False
21,2022-09-01,2022-11-30,1000000.0,1000000.0,0.0,0.0,10.0,0.0,0,0.0,0.0,0,0,0,0.0,0.0,0.0,-31.2197,31.2197,0.0,False
22,2022-10-01,2022-12-31,1000000.0,1000000.0,0.0,0.0,10.0,0.0,0,0.0,0.0,0,0,0,0.0,0.0,0.0,-32.2237,32.2237,0.0,False
23,2022-11-01,2023-01-31,1000000.0,1000000.0,0.0,0.0,10.0,0.0,0,0.0,0.0,0,0,0,0.0,0.0,0.0,10.2614,-10.2614,0.0,False
24,2022-12-01,2023-02-28,1000000.0,1000000.0,0.0,0.0,10.0,0.0,0,0.0,0.0,0,0,0,0.0,0.0,0.0,29.022,-29.022,0.0,False
25,2023-01-01,2023-03-31,1000000.0,1000000.0,0.0,0.0,10.0,0.0,0,0.0,0.0,0,0,0,0.0,0.0,0.0,17.5744,-17.5744,0.0,False
26,2023-02-01,2023-04-30,1000000.0,1000000.0,0.0,0.0,10.0,0.0,0,0.0,0.0,0,0,0,0.0,0.0,0.0,-10.9958,10.9958,0.0,False
27,2023-03-01,2023-05-31,1000000.0,1000000.0,0.0,0.0,10.0,0.0,0,0.0,0.0,0,0,0,0.0,0.0,0.0,-27.3299,27.3299,0.0,False
28,2023-04-01,2023-06-30,1000000.0,1000000.0,0.0,0.0,10.0,0.0,0,0.0,0.0,0,0,0,0.0,0.0,0.0,-48.7907,48.7907,0.0,False
29,2023-05-01,2023-07-31,1000000.0,1000000.0,0.0,0.0,10.0,0.0,0,0.0,0.0,0,0,0,0.0,0.0,0.0,-40.516,40.516,0.0,False
30,2023-06-01,2023-08-31,1000000.0,1000000.0,0.0,0.0,10.0,0.0,0,0.0,0.0,0,0,0,0.0,0.0,0.0,-17.6856,17.6856,0.0,False
31,2023-07-01,2023-09-30,1000000.0,1000000.0,0.0,0.0,10.0,0.0,0,0.0,0.0,0,0,0,0.0,0.0,0.0,-6.7174,6.7174,0.0,False
32,2023-08-01,2023-10-31,1000000.0,1000000.0,0.0,0.0,10.0,0.0,0,0.0,0.0,0,0,0,0.0,0.0,0.0,12.6435,-12.6435,0.0,False
33,2023-09-01,2023-11-30,1000000.0,1000000.0,0.0,0.0,10.0,0.0,0,0.0,0.0,0,0,0,0.0,0.0,0.0,-15.3807,15.3807,0.0,False
34,2023-10-01,2023-12-31,1000000.0,1000000.0,0.0,0.0,10.0,0.0,0,0.0,0.0,0,0,0,0.0,0.0,0.0,-53.5193,53.5193,0.0,False
35,2023-11-01,2024-01-31,1000000.0,1000000.0,0.0,0.0,10.0,0.0,0,0.0,0.0,0,0,0,0.0,0.0,0.0,-71.5993,71.5993,0.0,False
36,2023-12-01,2024-02-29,1000000.0,1000000.0,0.0,0.0,10.0,0.0,0,0.0,0.0,0,0,0,0.0,0.0,0.0,-39.0134,39.0134,0.0,False
37,2024-01-01,2024-03-31,1000000.0,1000000.0,0.0,0.0,10.0,0.0,0,0.0,0.0,0,0,0,0.0,0.0,0.0,-11.369,11.369,0.0,False
38,2024-02-01,2024-04-30,1000000.0,1000000.0,0.0,0.0,10.0,0.0,0,0.0,0.0,0,0,0,0.0,0.0,0.0,-18.2963,18.2963,0.0,False
39,2024-03-01,2024-05-31,1000000.0,1000000.0,0.0,0.0,10.0,0.0,0,0.0,0.0,0,0,0,0.0,0.0,0.0,-3.4913,3.4913,0.0,False
40,2024-04-01,2024-06-30,1000000.0,1000000.0,0.0,0.0,10.0,0.0,0,0.0,0.0,0,0,0,0.0,0.0,0.0,-31.047,31.047,0.0,False
41,2024-05-01,2024-07-31,1000000.0,1000000.0,0.0,0.0,10.0,0.0,0,0.0,0.0,0,0,0,0.0,0.0,0.0,-47.4653,47.4653,0.0,False
42,2024-06-01,2024-08-31,1000000.0,1000000.0,0.0,0.0,10.0,0.0,0,0.0,0.0,0,0,0,0.0,0.0,0.0,-38.5905,38.5905,0.0,False
43,2024-07-01,2024-09-30,1000000.0,1000000.0,0.0,0.0,10.0,0.0,0,0.0,0.0,0,0,0,0.0,0.0,0.0,-30.7492,30.7492,0.0,False
44,2024-08-01,2024-10-31,1000000.0,1000000.0,0.0,0.0,10.0,0.0,0,0.0,0.0,0,0,0,0.0,0.0,0.0,12.3056,-12.3056,0.0,False
45,2024-09-01,2024-11-30,1000000.0,1000000.0,0.0,0.0,10.0,0.0,0,0.0,0.0,0,0,0,0.0,0.0,0.0,17.1736,-17.1736,0.0,False
46,2024-10-01,2024-12-31,1000000.0,1000000.0,0.0,0.0,10.0,0.0,0,0.0,0.0,0,0,0,0.0,0.0,0.0,29.489,-29.489,0.0,False
