date,portfolio_value,fold_id
2021-01-01,1000000.0,1
2021-01-04,1000000.0,1
2021-01-05,1000000.0,1
2021-01-06,1000000.0,1
2021-01-07,1000000.0,1
2021-01-08,1000000.0,1
2021-01-11,1000000.0,1
2021-01-12,1000000.0,1
2021-01-13,1000000.0,1
2021-01-14,1000000.0,1
2021-01-15,1000000.0,1
2021-01-18,1000000.0,1
2021-01-19,1000000.0,1
2021-01-20,1000000.0,1
2021-01-21,1000000.0,1
2021-01-22,1000000.0,1
2021-01-25,1000000.0,1
2021-01-27,1000000.0,1
2021-01-28,1000000.0,1
2021-01-29,1000000.0,1
2021-02-01,1000000.0,1
2021-02-02,1000000.0,1
2021-02-03,1000000.0,1
2021-02-04,1000000.0,1
2021-02-05,1000000.0,1
2021-02-08,1000000.0,1
2021-02-09,1000000.0,1
2021-02-10,1000000.0,1
2021-02-11,1000000.0,1
2021-02-12,1000000.0,1
2021-02-15,1000000.0,1
2021-02-16,1000217.53,1
2021-02-17,1001678.83,1
2021-02-18,1003358.86,1
2021-02-19,999221.42,1
2021-02-22,995162.83,1
2021-02-23,995363.77,1
2021-02-24,995571.43,1
2021-02-25,1003134.31,1
2021-02-26,998655.01,1
2021-03-01,1002293.25,1
2021-03-02,1003363.68,1
2021-03-03,1002899.54,1
2021-03-04,1003653.38,1
2021-03-05,1003317.25,1
2021-03-08,1004933.12,1
2021-03-09,1004954.01,1
2021-03-10,1004951.64,1
2021-03-12,1005127.63,1
2021-03-15,1004898.32,1
2021-03-16,1004741.51,1
2021-03-17,1001999.48,1
2021-03-18,1000831.76,1
2021-03-19,1001278.31,1
2021-03-22,1001451.46,1
2021-03-23,1001290.46,1
2021-03-24,1001885.87,1
2021-03-25,1002247.36,1
2021-03-26,1002949.09,1
2021-03-30,1003492.84,1
2021-03-31,1003893.29,1
2021-02-01,1000000.0,2
2021-02-02,1000000.0,2
2021-02-03,1000000.0,2
2021-02-04,1000000.0,2
2021-02-05,1000000.0,2
2021-02-08,1000000.0,2
2021-02-09,1000000.0,2
2021-02-10,1000000.0,2
2021-02-11,1000000.0,2
2021-02-12,1000000.0,2
2021-02-15,1000000.0,2
2021-02-16,1000217.53,2
2021-02-17,1001678.83,2
2021-02-18,1003358.86,2
2021-02-19,999221.42,2
2021-02-22,995162.83,2
2021-02-23,995363.77,2
2021-02-24,995571.43,2
2021-02-25,1003134.31,2
2021-02-26,998655.01,2
2021-03-01,1002293.25,2
2021-03-02,1003363.68,2
2021-03-03,1002899.54,2
2021-03-04,1003653.38,2
2021-03-05,1003317.25,2
2021-03-08,1004933.12,2
2021-03-09,1004954.01,2
2021-03-10,1004951.64,2
2021-03-12,1005127.63,2
2021-03-15,1004898.32,2
2021-03-16,1004741.51,2
2021-03-17,1001999.48,2
2021-03-18,1000831.76,2
2021-03-19,1001278.31,2
2021-03-22,1001451.46,2
2021-03-23,1001290.46,2
2021-03-24,1001885.87,2
2021-03-25,1002247.36,2
2021-03-26,1002949.09,2
2021-03-30,1003492.84,2
2021-03-31,1003893.29,2
2021-04-01,1003893.29,2
2021-04-05,1003893.29,2
2021-04-06,1003893.29,2
2021-04-07,1003893.29,2
2021-04-08,1003893.29,2
2021-04-09,1003893.29,2
2021-04-12,1003893.29,2
2021-04-13,1003893.29,2
2021-04-15,1003893.29,2
2021-04-16,1003893.29,2
2021-04-19,1003893.29,2
2021-04-20,1003893.29,2
2021-04-22,1003893.29,2
2021-04-23,1003893.29,2
2021-04-26,1003893.29,2
2021-04-27,1003893.29,2
2021-04-28,1003893.29,2
2021-04-29,1003893.29,2
2021-04-30,1003893.29,2
2021-03-01,1000000.0,3
2021-03-02,1000000.0,3
2021-03-03,1000000.0,3
2021-03-04,1000000.0,3
2021-03-05,1000000.0,3
2021-03-08,1000000.0,3
2021-03-09,1000000.0,3
2021-03-10,1000000.0,3
2021-03-12,1000000.0,3
2021-03-15,1000000.0,3
2021-03-16,1000000.0,3
2021-03-17,1000000.0,3
2021-03-18,1000000.0,3
2021-03-19,1000000.0,3
2021-03-22,1000000.0,3
2021-03-23,1000000.0,3
2021-03-24,1000000.0,3
2021-03-25,1000000.0,3
2021-03-26,1000000.0,3
2021-03-30,1000000.0,3
2021-03-31,1000000.0,3
2021-04-01,1000000.0,3
2021-04-05,1000000.0,3
2021-04-06,1000000.0,3
2021-04-07,1000000.0,3
2021-04-08,1000000.0,3
2021-04-09,1000000.0,3
2021-04-12,1000000.0,3
2021-04-13,1000000.0,3
2021-04-15,1000000.0,3
2021-04-16,1000000.0,3
2021-04-19,1000000.0,3
2021-04-20,1000000.0,3
2021-04-22,1000000.0,3
2021-04-23,1000000.0,3
2021-04-26,1000000.0,3
2021-04-27,1000000.0,3
2021-04-28,1000000.0,3
2021-04-29,1000000.0,3
2021-04-30,1000000.0,3
2021-05-03,1000000.0,3
2021-05-04,1000000.0,3
2021-05-05,1000000.0,3
2021-05-06,1000000.0,3
2021-05-07,1000000.0,3
2021-05-10,1000000.0,3
2021-05-11,1000000.0,3
2021-05-12,1001693.91,3
2021-05-14,996464.4,3
2021-05-17,996722.84,3
2021-05-18,997026.9,3
2021-05-19,995875.94,3
2021-05-20,995875.94,3
2021-05-21,995875.94,3
2021-05-24,995875.94,3
2021-05-25,995875.94,3
2021-05-26,995875.94,3
2021-05-27,995875.94,3
2021-05-28,995875.94,3
2021-05-31,995875.94,3
2021-04-01,1000000.0,4
2021-04-05,1000000.0,4
2021-04-06,1000000.0,4
2021-04-07,1000000.0,4
2021-04-08,1000000.0,4
2021-04-09,1000000.0,4
2021-04-12,1000000.0,4
2021-04-13,1000000.0,4
2021-04-15,1000000.0,4
2021-04-16,1000000.0,4
2021-04-19,1000000.0,4
2021-04-20,1000000.0,4
2021-04-22,1000000.0,4
2021-04-23,1000000.0,4
2021-04-26,1000000.0,4
2021-04-27,1000000.0,4
2021-04-28,1000000.0,4
2021-04-29,1000000.0,4
2021-04-30,1000000.0,4
2021-05-03,1000000.0,4
2021-05-04,1000000.0,4
2021-05-05,1000000.0,4
2021-05-06,1000000.0,4
2021-05-07,1000000.0,4
2021-05-10,1000000.0,4
2021-05-11,1000000.0,4
2021-05-12,1001693.91,4
2021-05-14,996464.4,4
2021-05-17,996722.84,4
2021-05-18,997026.9,4
2021-05-19,995875.94,4
2021-05-20,995875.94,4
2021-05-21,995875.94,4
2021-05-24,995875.94,4
2021-05-25,995875.94,4
2021-05-26,995875.94,4
2021-05-27,995875.94,4
2021-05-28,995875.94,4
2021-05-31,995875.94,4
2021-06-01,995470.67,4
2021-06-02,996469.58,4
2021-06-03,996994.67,4
2021-06-04,996574.46,4
2021-06-07,1000420.11,4
2021-06-08,1000030.12,4
2021-06-09,996727.44,4
2021-06-10,998646.57,4
2021-06-11,1002418.76,4
2021-06-14,999270.41,4
2021-06-15,1000655.9,4
2021-06-16,997878.64,4
2021-06-17,996193.77,4
2021-06-18,992102.92,4
2021-06-21,992920.63,4
2021-06-22,990769.27,4
2021-06-23,986826.17,4
2021-06-24,989773.23,4
2021-06-25,989305.42,4
2021-06-28,990975.04,4
2021-06-29,992963.48,4
2021-06-30,995089.81,4
2021-05-03,1000000.0,5
2021-05-04,1000000.0,5
2021-05-05,1000000.0,5
2021-05-06,1000000.0,5
2021-05-07,1000000.0,5
2021-05-10,1000000.0,5
2021-05-11,1000000.0,5
2021-05-12,1001693.91,5
2021-05-14,996464.4,5
2021-05-17,996722.84,5
2021-05-18,997026.9,5
2021-05-19,995875.94,5
2021-05-20,995875.94,5
2021-05-21,995875.94,5
2021-05-24,995875.94,5
2021-05-25,995875.94,5
2021-05-26,995875.94,5
2021-05-27,995875.94,5
2021-05-28,995875.94,5
2021-05-31,995875.94,5
2021-06-01,995470.67,5
2021-06-02,996469.58,5
2021-06-03,996994.67,5
2021-06-04,996574.46,5
2021-06-07,1000420.11,5
2021-06-08,1000030.12,5
2021-06-09,996727.44,5
2021-06-10,998646.57,5
2021-06-11,1002418.76,5
2021-06-14,999270.41,5
2021-06-15,1000655.9,5
2021-06-16,997878.64,5
2021-06-17,996193.77,5
2021-06-18,992102.92,5
2021-06-21,992920.63,5
2021-06-22,990769.27,5
2021-06-23,986826.17,5
2021-06-24,989773.23,5
2021-06-25,989305.42,5
2021-06-28,990975.04,5
2021-06-29,992963.48,5
2021-06-30,995089.81,5
2021-07-01,996545.87,5
2021-07-02,996812.68,5
2021-07-05,996263.36,5
2021-07-06,992686.63,5
2021-07-07,993031.45,5
2021-07-08,993697.53,5
2021-07-09,991942.48,5
2021-07-12,991360.67,5
2021-07-13,990540.61,5
2021-07-14,994681.17,5
2021-07-15,996676.74,5
2021-07-16,996490.41,5
2021-07-19,995324.25,5
2021-07-20,995426.1,5
2021-07-22,995866.03,5
2021-07-23,997886.87,5
2021-07-26,998671.03,5
2021-07-27,998671.03,5
2021-07-28,998671.03,5
2021-07-29,998671.03,5
2021-07-30,998671.03,5
2021-06-01,1000000.0,6
2021-06-02,1000000.0,6
2021-06-03,1000000.0,6
2021-06-04,1001322.71,6
2021-06-07,1001513.9,6
2021-06-08,1001572.94,6
2021-06-09,1000395.0,6
2021-06-10,1000597.49,6
2021-06-11,1002530.41,6
2021-06-14,1000626.23,6
2021-06-15,1000128.58,6
2021-06-16,1000521.09,6
2021-06-17,1000687.05,6
2021-06-18,992661.47,6
2021-06-21,995013.85,6
2021-06-22,994824.64,6
2021-06-23,992618.29,6
2021-06-24,995931.0,6
2021-06-25,996627.53,6
2021-06-28,997362.52,6
2021-06-29,994466.87,6
2021-06-30,995235.42,6
2021-07-01,997818.72,6
2021-07-02,998221.69,6
2021-07-05,999326.45,6
2021-07-06,996254.74,6
2021-07-07,996520.77,6
2021-07-08,994708.71,6
2021-07-09,994735.34,6
2021-07-12,993220.11,6
2021-07-13,993423.92,6
2021-07-14,997230.71,6
2021-07-15,996298.69,6
2021-07-16,995953.57,6
2021-07-19,994360.32,6
2021-07-20,994309.57,6
2021-07-22,995781.04,6
2021-07-23,998389.47,6
2021-07-26,999887.1,6
2021-07-27,998201.72,6
2021-07-28,998201.72,6
2021-07-29,998201.72,6
2021-07-30,998201.72,6
2021-08-02,998201.72,6
2021-08-03,998201.72,6
2021-08-04,998201.72,6
2021-08-05,998201.72,6
2021-08-06,998201.72,6
2021-08-09,998201.72,6
2021-08-10,998201.72,6
2021-08-11,998201.72,6
2021-08-12,998201.72,6
2021-08-13,998201.72,6
2021-08-16,998201.72,6
2021-08-17,998201.72,6
2021-08-18,998201.72,6
2021-08-20,998201.72,6
2021-08-23,998201.72,6
2021-08-24,998201.72,6
2021-08-25,998201.72,6
2021-08-26,998201.72,6
2021-08-27,998201.72,6
2021-08-30,998201.72,6
2021-08-31,998201.72,6
2021-07-01,1000000.0,7
2021-07-02,1000000.0,7
2021-07-05,1000000.0,7
2021-07-06,998930.45,7
2021-07-07,1000189.79,7
2021-07-08,999216.5,7
2021-07-09,1002518.69,7
2021-07-12,1004322.04,7
2021-07-13,1005996.16,7
2021-07-14,1005356.6,7
2021-07-15,1009475.07,7
2021-07-16,1010711.81,7
2021-07-19,1010877.99,7
2021-07-20,1007190.4,7
2021-07-22,1013042.38,7
2021-07-23,1016511.28,7
2021-07-26,1017753.84,7
2021-07-27,1018051.43,7
2021-07-28,1018064.97,7
2021-07-29,1021571.48,7
2021-07-30,1020560.03,7
2021-08-02,1028078.88,7
2021-08-03,1029764.51,7
2021-08-04,1028706.22,7
2021-08-05,1029061.77,7
2021-08-06,1026891.65,7
2021-08-09,1027013.29,7
2021-08-10,1026906.14,7
2021-08-11,1027027.96,7
2021-08-12,1029258.11,7
2021-08-13,1029667.17,7
2021-08-16,1029453.73,7
2021-08-17,1029864.71,7
2021-08-18,1029060.38,7
2021-08-20,1024110.9,7
2021-08-23,1025854.61,7
2021-08-24,1025893.92,7
2021-08-25,1024136.81,7
2021-08-26,1026859.68,7
2021-08-27,1027830.08,7
2021-08-30,1029317.74,7
2021-08-31,1032010.03,7
2021-09-01,1036349.32,7
2021-09-02,1038636.04,7
2021-09-03,1043119.67,7
2021-09-06,1049644.66,7
2021-09-07,1048360.46,7
2021-09-08,1044105.36,7
2021-09-09,1044467.96,7
2021-09-13,1045985.23,7
2021-09-14,1043001.79,7
2021-09-15,1043567.13,7
2021-09-16,1044021.29,7
2021-09-17,1042016.11,7
2021-09-20,1036391.17,7
2021-09-21,1038216.84,7
2021-09-22,1040276.51,7
2021-09-23,1045239.14,7
2021-09-24,1050541.74,7
2021-09-27,1044208.43,7
2021-09-28,1040017.09,7
2021-09-29,1041762.86,7
2021-09-30,1041140.17,7
2021-08-02,1000000.0,8
2021-08-03,1002127.01,8
2021-08-04,997372.01,8
2021-08-05,996810.45,8
2021-08-06,996454.35,8
2021-08-09,994671.33,8
2021-08-10,997990.5,8
2021-08-11,997423.0,8
2021-08-12,1003069.45,8
2021-08-13,1002643.64,8
2021-08-16,1006118.72,8
2021-08-17,1016007.25,8
2021-08-18,1017959.57,8
2021-08-20,1017043.96,8
2021-08-23,1018105.84,8
2021-08-24,1020049.57,8
2021-08-25,1019113.07,8
2021-08-26,1018868.57,8
2021-08-27,1023481.79,8
2021-08-30,1025166.42,8
2021-08-31,1031315.87,8
2021-09-01,1032028.65,8
2021-09-02,1032420.48,8
2021-09-03,1033870.6,8
2021-09-06,1034651.43,8
2021-09-07,1031421.67,8
2021-09-08,1031976.47,8
2021-09-09,1031450.48,8
2021-09-13,1032524.5,8
2021-09-14,1032863.28,8
2021-09-15,1036427.96,8
2021-09-16,1033311.56,8
2021-09-17,1031452.89,8
2021-09-20,1027367.27,8
2021-09-21,1031944.33,8
2021-09-22,1031944.8,8
2021-09-23,1033693.08,8
2021-09-24,1031267.29,8
2021-09-27,1030964.9,8
2021-09-28,1030817.45,8
2021-09-29,1031466.68,8
2021-09-30,1031148.92,8
2021-10-01,1031456.49,8
2021-10-04,1031941.44,8
2021-10-05,1035483.55,8
2021-10-06,1035988.52,8
2021-10-07,1034168.28,8
2021-10-08,1034298.29,8
2021-10-11,1035255.69,8
2021-10-12,1034912.92,8
2021-10-13,1034073.71,8
2021-10-14,1033849.14,8
2021-10-18,1034570.15,8
2021-10-19,1033742.77,8
2021-10-20,1032763.16,8
2021-10-21,1032763.16,8
2021-10-22,1032763.16,8
2021-10-25,1032763.16,8
2021-10-26,1032763.16,8
2021-10-27,1032763.16,8
2021-10-28,1032763.16,8
2021-10-29,1032763.16,8
2021-09-01,1000000.0,9
2021-09-02,999714.51,9
2021-09-03,1003854.94,9
2021-09-06,1010230.34,9
2021-09-07,1008926.58,9
2021-09-08,1005604.2,9
2021-09-09,1009116.76,9
2021-09-13,1011172.97,9
2021-09-14,1007387.02,9
2021-09-15,1008879.37,9
2021-09-16,1011902.14,9
2021-09-17,1009233.38,9
2021-09-20,1007237.89,9
2021-09-21,1007593.96,9
2021-09-22,1009501.63,9
2021-09-23,1011170.13,9
2021-09-24,1010837.75,9
2021-09-27,1005718.66,9
2021-09-28,1003101.88,9
2021-09-29,1005457.73,9
2021-09-30,1004939.43,9
2021-10-01,1004158.14,9
2021-10-04,1004911.61,9
2021-10-05,1004984.06,9
2021-10-06,1004332.49,9
2021-10-07,1005944.1,9
2021-10-08,1007284.11,9
2021-10-11,1008430.26,9
2021-10-12,1009101.34,9
2021-10-13,1010218.27,9
2021-10-14,1010352.29,9
2021-10-18,1010299.54,9
2021-10-19,1008789.07,9
2021-10-20,1008789.07,9
2021-10-21,1008789.07,9
2021-10-22,1008789.07,9
2021-10-25,1008789.07,9
2021-10-26,1008789.07,9
2021-10-27,1008789.07,9
2021-10-28,1008789.07,9
2021-10-29,1008789.07,9
2021-11-01,1008789.07,9
2021-11-02,1008789.07,9
2021-11-03,1008789.07,9
2021-11-04,1008789.07,9
2021-11-08,1008789.07,9
2021-11-09,1008789.07,9
2021-11-10,1008789.07,9
2021-11-11,1008789.07,9
2021-11-12,1008789.07,9
2021-11-15,1008789.07,9
2021-11-16,1008789.07,9
2021-11-17,1008789.07,9
2021-11-18,1008789.07,9
2021-11-22,1008789.07,9
2021-11-23,1008789.07,9
2021-11-24,1008789.07,9
2021-11-25,1008789.07,9
2021-11-26,1008789.07,9
2021-11-29,1008789.07,9
2021-11-30,1008789.07,9
2021-10-01,1000000.0,10
2021-10-04,1000000.0,10
2021-10-05,1000000.0,10
2021-10-06,1000000.0,10
2021-10-07,1000000.0,10
2021-10-08,999274.74,10
2021-10-11,1001909.7,10
2021-10-12,1004153.93,10
2021-10-13,1004699.79,10
2021-10-14,1006019.12,10
2021-10-18,1015146.95,10
2021-10-19,1007872.83,10
2021-10-20,1009021.03,10
2021-10-21,1013387.98,10
2021-10-22,1010372.2,10
2021-10-25,1009560.77,10
2021-10-26,1013636.94,10
2021-10-27,1015405.29,10
2021-10-28,1009076.56,10
2021-10-29,1010136.64,10
2021-11-01,1012952.17,10
2021-11-02,1015843.62,10
2021-11-03,1014997.02,10
2021-11-04,1016235.74,10
2021-11-08,1016581.44,10
2021-11-09,1016750.31,10
2021-11-10,1013166.41,10
2021-11-11,1011555.69,10
2021-11-12,1013773.22,10
2021-11-15,1013117.51,10
2021-11-16,1013364.39,10
2021-11-17,1013112.03,10
2021-11-18,1008462.22,10
2021-11-22,1003133.05,10
2021-11-23,1004255.53,10
2021-11-24,1005475.29,10
2021-11-25,1004533.45,10
2021-11-26,1001173.46,10
2021-11-29,1001011.74,10
2021-11-30,1000932.68,10
2021-12-01,1002026.93,10
2021-12-02,1003426.63,10
2021-12-03,1002558.78,10
2021-12-06,1000312.79,10
2021-12-07,1001493.28,10
2021-12-08,1002824.71,10
2021-12-09,1003067.27,10
2021-12-10,1003719.51,10
2021-12-13,1002970.25,10
2021-12-14,1002990.01,10
2021-12-15,1002098.8,10
2021-12-16,1002341.37,10
2021-12-17,1000302.01,10
2021-12-20,998312.96,10
2021-12-21,999410.8,10
2021-12-22,1000589.57,10
2021-12-23,1000589.57,10
2021-12-24,1000589.57,10
2021-12-27,1000589.57,10
2021-12-28,1000589.57,10
2021-12-29,1000589.57,10
2021-12-30,1000589.57,10
2021-12-31,1000589.57,10
2021-11-01,1000000.0,11
2021-11-02,1000000.0,11
2021-11-03,1000000.0,11
2021-11-04,1000000.0,11
2021-11-08,1000000.0,11
2021-11-09,999554.42,11
2021-11-10,998313.33,11
2021-11-11,993625.96,11
2021-11-12,1000953.89,11
2021-11-15,999915.72,11
2021-11-16,996611.23,11
2021-11-17,995844.74,11
2021-11-18,988285.83,11
2021-11-22,986341.3,11
2021-11-23,989177.92,11
2021-11-24,990020.88,11
2021-11-25,989407.84,11
2021-11-26,985267.85,11
2021-11-29,984630.93,11
2021-11-30,983175.46,11
2021-12-01,985066.52,11
2021-12-02,986778.22,11
2021-12-03,987063.56,11
2021-12-06,984554.77,11
2021-12-07,985999.27,11
2021-12-08,987349.89,11
2021-12-09,987582.86,11
2021-12-10,988206.3,11
2021-12-13,987386.24,11
2021-12-14,988615.6,11
2021-12-15,987793.99,11
2021-12-16,987148.56,11
2021-12-17,985373.2,11
2021-12-20,982334.14,11
2021-12-21,983759.59,11
2021-12-22,985417.16,11
2021-12-23,985773.36,11
2021-12-24,985773.36,11
2021-12-27,985773.36,11
2021-12-28,985773.36,11
2021-12-29,985773.36,11
2021-12-30,985773.36,11
2021-12-31,985773.36,11
2022-01-03,985773.36,11
2022-01-04,985773.36,11
2022-01-05,985773.36,11
2022-01-06,985773.36,11
2022-01-07,985773.36,11
2022-01-10,985773.36,11
2022-01-11,985773.36,11
2022-01-12,985773.36,11
2022-01-13,985773.36,11
2022-01-14,985773.36,11
2022-01-17,985773.36,11
2022-01-18,985773.36,11
2022-01-19,985773.36,11
2022-01-20,985773.36,11
2022-01-21,985773.36,11
2022-01-24,985773.36,11
2022-01-25,985773.36,11
2022-01-27,985773.36,11
2022-01-28,985773.36,11
2022-01-31,985773.36,11
2021-12-01,1000000.0,12
2021-12-02,1000000.0,12
2021-12-03,1000000.0,12
2021-12-06,1000000.0,12
2021-12-07,1000000.0,12
2021-12-08,1000000.0,12
2021-12-09,1000000.0,12
2021-12-10,1000000.0,12
2021-12-13,1000000.0,12
2021-12-14,1000000.0,12
2021-12-15,1000000.0,12
2021-12-16,1000000.0,12
2021-12-17,1000000.0,12
2021-12-20,1000000.0,12
2021-12-21,1000000.0,12
2021-12-22,1000000.0,12
2021-12-23,1000000.0,12
2021-12-24,1000000.0,12
2021-12-27,1000000.0,12
2021-12-28,1000000.0,12
2021-12-29,1000000.0,12
2021-12-30,1000000.0,12
2021-12-31,1000000.0,12
2022-01-03,1001734.9,12
2022-01-04,999905.54,12
2022-01-05,995944.26,12
2022-01-06,994072.76,12
2022-01-07,991388.47,12
2022-01-10,991880.27,12
2022-01-11,991207.81,12
2022-01-12,992693.25,12
2022-01-13,991559.09,12
2022-01-14,991288.1,12
2022-01-17,991880.27,12
2022-01-18,991799.97,12
2022-01-19,991298.13,12
2022-01-20,989881.35,12
2022-01-21,989881.35,12
2022-01-24,989881.35,12
2022-01-25,989881.35,12
2022-01-27,989881.35,12
2022-01-28,989881.35,12
2022-01-31,989881.35,12
2022-02-01,989881.35,12
2022-02-02,989881.35,12
2022-02-03,989881.35,12
2022-02-04,989881.35,12
2022-02-07,989881.35,12
2022-02-08,989881.35,12
2022-02-09,989881.35,12
2022-02-10,989881.35,12
2022-02-11,989881.35,12
2022-02-14,989881.35,12
2022-02-15,989881.35,12
2022-02-16,989881.35,12
2022-02-17,989881.35,12
2022-02-18,989881.35,12
2022-02-21,989881.35,12
2022-02-22,989881.35,12
2022-02-23,989881.35,12
2022-02-24,989881.35,12
2022-02-25,989881.35,12
2022-02-28,989881.35,12
2022-01-03,1000000.0,13
2022-01-04,1000000.0,13
2022-01-05,998275.91,13
2022-01-06,998195.23,13
2022-01-07,996343.96,13
2022-01-10,996343.96,13
2022-01-11,996343.96,13
2022-01-12,996343.96,13
2022-01-13,996343.96,13
2022-01-14,996343.96,13
2022-01-17,996343.96,13
2022-01-18,996343.96,13
2022-01-19,996343.96,13
2022-01-20,996343.96,13
2022-01-21,996343.96,13
2022-01-24,996343.96,13
2022-01-25,996343.96,13
2022-01-27,996343.96,13
2022-01-28,996343.96,13
2022-01-31,996343.96,13
2022-02-01,996343.96,13
2022-02-02,996343.96,13
2022-02-03,996343.96,13
2022-02-04,996343.96,13
2022-02-07,996343.96,13
2022-02-08,996343.96,13
2022-02-09,996343.96,13
2022-02-10,996343.96,13
2022-02-11,996343.96,13
2022-02-14,996343.96,13
2022-02-15,996343.96,13
2022-02-16,996343.96,13
2022-02-17,996343.96,13
2022-02-18,996343.96,13
2022-02-21,996343.96,13
2022-02-22,996343.96,13
2022-02-23,996343.96,13
2022-02-24,996343.96,13
2022-02-25,996343.96,13
2022-02-28,996343.96,13
2022-03-02,996343.96,13
2022-03-03,996343.96,13
2022-03-04,996343.96,13
2022-03-07,996343.96,13
2022-03-08,996343.96,13
2022-03-09,996343.96,13
2022-03-10,996343.96,13
2022-03-11,996343.96,13
2022-03-14,996343.96,13
2022-03-15,996343.96,13
2022-03-16,996343.96,13
2022-03-17,996343.96,13
2022-03-21,996343.96,13
2022-03-22,996343.96,13
2022-03-23,996343.96,13
2022-03-24,996343.96,13
2022-03-25,996343.96,13
2022-03-28,996343.96,13
2022-03-29,996343.96,13
2022-03-30,996343.96,13
2022-03-31,996343.96,13
2022-02-01,1000000.0,14
2022-02-02,1000000.0,14
2022-02-03,1000000.0,14
2022-02-04,1000000.0,14
2022-02-07,1000000.0,14
2022-02-08,1000000.0,14
2022-02-09,1000000.0,14
2022-02-10,1000000.0,14
2022-02-11,1000000.0,14
2022-02-14,1000000.0,14
2022-02-15,1000000.0,14
2022-02-16,1000000.0,14
2022-02-17,1000000.0,14
2022-02-18,1000000.0,14
2022-02-21,1000000.0,14
2022-02-22,1000000.0,14
2022-02-23,1000000.0,14
2022-02-24,1000000.0,14
2022-02-25,1000000.0,14
2022-02-28,1000000.0,14
2022-03-02,1000000.0,14
2022-03-03,1000000.0,14
2022-03-04,1000000.0,14
2022-03-07,1000000.0,14
2022-03-08,1000000.0,14
2022-03-09,1000000.0,14
2022-03-10,1000000.0,14
2022-03-11,1000000.0,14
2022-03-14,1000000.0,14
2022-03-15,1000000.0,14
2022-03-16,1000000.0,14
2022-03-17,1000000.0,14
2022-03-21,1000000.0,14
2022-03-22,1000000.0,14
2022-03-23,1000000.0,14
2022-03-24,1000000.0,14
2022-03-25,1000000.0,14
2022-03-28,1000000.0,14
2022-03-29,1000000.0,14
2022-03-30,1000000.0,14
2022-03-31,1000000.0,14
2022-04-01,1000000.0,14
2022-04-04,1000000.0,14
2022-04-05,1000000.0,14
2022-04-06,1000000.0,14
2022-04-07,1000000.0,14
2022-04-08,1000000.0,14
2022-04-11,1000000.0,14
2022-04-12,1000000.0,14
2022-04-13,1000000.0,14
2022-04-18,1000000.0,14
2022-04-19,1000000.0,14
2022-04-20,1000000.0,14
2022-04-21,1000000.0,14
2022-04-22,1000000.0,14
2022-04-25,1000000.0,14
2022-04-26,1000000.0,14
2022-04-27,1000000.0,14
2022-04-28,1000000.0,14
2022-04-29,1000000.0,14
2022-03-02,1000000.0,15
2022-03-03,1000000.0,15
2022-03-04,1000000.0,15
2022-03-07,1000000.0,15
2022-03-08,1000000.0,15
2022-03-09,1000000.0,15
2022-03-10,1000000.0,15
2022-03-11,1000000.0,15
2022-03-14,1000000.0,15
2022-03-15,1000000.0,15
2022-03-16,1000000.0,15
2022-03-17,1000000.0,15
2022-03-21,1000000.0,15
2022-03-22,1000000.0,15
2022-03-23,1000000.0,15
2022-03-24,1000000.0,15
2022-03-25,1000000.0,15
2022-03-28,1000000.0,15
2022-03-29,1000000.0,15
2022-03-30,1000000.0,15
2022-03-31,1000000.0,15
2022-04-01,1000000.0,15
2022-04-04,1000000.0,15
2022-04-05,1000000.0,15
2022-04-06,1000000.0,15
2022-04-07,1000000.0,15
2022-04-08,1000000.0,15
2022-04-11,1000000.0,15
2022-04-12,1000000.0,15
2022-04-13,1000000.0,15
2022-04-18,1000000.0,15
2022-04-19,1000000.0,15
2022-04-20,1000000.0,15
2022-04-21,1000000.0,15
2022-04-22,1000000.0,15
2022-04-25,1000000.0,15
2022-04-26,1000000.0,15
2022-04-27,1000000.0,15
2022-04-28,1000000.0,15
2022-04-29,1000000.0,15
2022-05-02,1000000.0,15
2022-05-04,1000000.0,15
2022-05-05,1000000.0,15
2022-05-06,1000000.0,15
2022-05-09,1000000.0,15
2022-05-10,1000000.0,15
2022-05-11,1000000.0,15
2022-05-12,1000000.0,15
2022-05-13,1000000.0,15
2022-05-16,1000000.0,15
2022-05-17,1000000.0,15
2022-05-18,1000000.0,15
2022-05-19,1000000.0,15
2022-05-20,1000000.0,15
2022-05-23,1000000.0,15
2022-05-24,1000000.0,15
2022-05-25,1000000.0,15
2022-05-26,1000000.0,15
2022-05-27,1000000.0,15
2022-05-30,1000000.0,15
2022-05-31,1000000.0,15
2022-04-01,1000000.0,16
2022-04-04,1000000.0,16
2022-04-05,1000000.0,16
2022-04-06,1000000.0,16
2022-04-07,1000000.0,16
2022-04-08,1000000.0,16
2022-04-11,1000000.0,16
2022-04-12,1000000.0,16
2022-04-13,1000000.0,16
2022-04-18,1000000.0,16
2022-04-19,1000000.0,16
2022-04-20,1000000.0,16
2022-04-21,1000000.0,16
2022-04-22,1000000.0,16
2022-04-25,1000000.0,16
2022-04-26,1000000.0,16
2022-04-27,1000000.0,16
2022-04-28,1000000.0,16
2022-04-29,1000000.0,16
2022-05-02,1000000.0,16
2022-05-04,1000000.0,16
2022-05-05,1000000.0,16
2022-05-06,1000000.0,16
2022-05-09,1000000.0,16
2022-05-10,1000000.0,16
2022-05-11,1000000.0,16
2022-05-12,1000000.0,16
2022-05-13,1000000.0,16
2022-05-16,1000000.0,16
2022-05-17,1000000.0,16
2022-05-18,1000000.0,16
2022-05-19,1000000.0,16
2022-05-20,1000000.0,16
2022-05-23,1000000.0,16
2022-05-24,1000000.0,16
2022-05-25,1000000.0,16
2022-05-26,1000000.0,16
2022-05-27,1000000.0,16
2022-05-30,1000000.0,16
2022-05-31,1000000.0,16
2022-06-01,1000000.0,16
2022-06-02,1000000.0,16
2022-06-03,1000000.0,16
2022-06-06,1000000.0,16
2022-06-07,1000000.0,16
2022-06-08,1000000.0,16
2022-06-09,1000000.0,16
2022-06-10,1000000.0,16
2022-06-13,1000000.0,16
2022-06-14,1000000.0,16
2022-06-15,1000000.0,16
2022-06-16,1000000.0,16
2022-06-17,1000000.0,16
2022-06-20,1000000.0,16
2022-06-21,1000000.0,16
2022-06-22,1000000.0,16
2022-06-23,1000000.0,16
2022-06-24,1000000.0,16
2022-06-27,1000000.0,16
2022-06-28,1000000.0,16
2022-06-29,1000000.0,16
2022-06-30,1000000.0,16
2022-05-02,1000000.0,17
2022-05-04,1000000.0,17
2022-05-05,1000000.0,17
2022-05-06,1000000.0,17
2022-05-09,1000000.0,17
2022-05-10,1000000.0,17
2022-05-11,1000000.0,17
2022-05-12,1000000.0,17
2022-05-13,1000000.0,17
2022-05-16,1000000.0,17
2022-05-17,1000000.0,17
2022-05-18,1000000.0,17
2022-05-19,1000000.0,17
2022-05-20,1000000.0,17
2022-05-23,1000000.0,17
2022-05-24,1000000.0,17
2022-05-25,1000000.0,17
2022-05-26,1000000.0,17
2022-05-27,1000000.0,17
2022-05-30,1000000.0,17
2022-05-31,1000000.0,17
2022-06-01,1000000.0,17
2022-06-02,1000000.0,17
2022-06-03,1000000.0,17
2022-06-06,1000000.0,17
2022-06-07,1000000.0,17
2022-06-08,1000000.0,17
2022-06-09,1000000.0,17
2022-06-10,1000000.0,17
2022-06-13,1000000.0,17
2022-06-14,1000000.0,17
2022-06-15,1000000.0,17
2022-06-16,1000000.0,17
2022-06-17,1000000.0,17
2022-06-20,1000000.0,17
2022-06-21,1000000.0,17
2022-06-22,1000000.0,17
2022-06-23,1000000.0,17
2022-06-24,1000000.0,17
2022-06-27,1000000.0,17
2022-06-28,1000000.0,17
2022-06-29,1000000.0,17
2022-06-30,1000000.0,17
2022-07-01,1000000.0,17
2022-07-04,1000000.0,17
2022-07-05,1000000.0,17
2022-07-06,1000000.0,17
2022-07-07,1000000.0,17
2022-07-08,1000000.0,17
2022-07-11,1000000.0,17
2022-07-12,1000000.0,17
2022-07-13,1000000.0,17
2022-07-14,1000000.0,17
2022-07-15,1000000.0,17
2022-07-18,1000000.0,17
2022-07-19,1000000.0,17
2022-07-20,1000000.0,17
2022-07-21,1000000.0,17
2022-07-22,1000000.0,17
2022-07-25,1000000.0,17
2022-07-26,1000000.0,17
2022-07-27,1000000.0,17
2022-07-28,1000000.0,17
2022-07-29,1000000.0,17
2022-06-01,1000000.0,18
2022-06-02,1000000.0,18
2022-06-03,1000000.0,18
2022-06-06,1000000.0,18
2022-06-07,1000000.0,18
2022-06-08,1000000.0,18
2022-06-09,1000000.0,18
2022-06-10,1000000.0,18
2022-06-13,1000000.0,18
2022-06-14,1000000.0,18
2022-06-15,1000000.0,18
2022-06-16,1000000.0,18
2022-06-17,1000000.0,18
2022-06-20,1000000.0,18
2022-06-21,1000000.0,18
2022-06-22,1000000.0,18
2022-06-23,1000000.0,18
2022-06-24,1000000.0,18
2022-06-27,1000000.0,18
2022-06-28,1000000.0,18
2022-06-29,1000000.0,18
2022-06-30,1000000.0,18
2022-07-01,1000000.0,18
2022-07-04,1000000.0,18
2022-07-05,1000000.0,18
2022-07-06,1000000.0,18
2022-07-07,1000000.0,18
2022-07-08,1000000.0,18
2022-07-11,1000000.0,18
2022-07-12,1000000.0,18
2022-07-13,1000000.0,18
2022-07-14,1000000.0,18
2022-07-15,1000000.0,18
2022-07-18,1000000.0,18
2022-07-19,1000000.0,18
2022-07-20,1000000.0,18
2022-07-21,1000000.0,18
2022-07-22,1000000.0,18
2022-07-25,1000000.0,18
2022-07-26,1000000.0,18
2022-07-27,1000000.0,18
2022-07-28,1000000.0,18
2022-07-29,1000000.0,18
2022-08-01,1000000.0,18
2022-08-02,1000000.0,18
2022-08-03,1000000.0,18
2022-08-04,1000000.0,18
2022-08-05,1000000.0,18
2022-08-08,1000000.0,18
2022-08-10,1000000.0,18
2022-08-11,1000000.0,18
2022-08-12,1000000.0,18
2022-08-16,1000000.0,18
2022-08-17,1000000.0,18
2022-08-18,1000000.0,18
2022-08-19,1000000.0,18
2022-08-22,1000000.0,18
2022-08-23,1000000.0,18
2022-08-24,1000000.0,18
2022-08-25,1000000.0,18
2022-08-26,1000000.0,18
2022-08-29,1000000.0,18
2022-08-30,1000000.0,18
2022-07-01,1000000.0,19
2022-07-04,1000000.0,19
2022-07-05,1000000.0,19
2022-07-06,1000000.0,19
2022-07-07,1000000.0,19
2022-07-08,1000000.0,19
2022-07-11,1000000.0,19
2022-07-12,1000000.0,19
2022-07-13,1000000.0,19
2022-07-14,1000000.0,19
2022-07-15,1000000.0,19
2022-07-18,1000000.0,19
2022-07-19,1000000.0,19
2022-07-20,1000000.0,19
2022-07-21,1000000.0,19
2022-07-22,1000000.0,19
2022-07-25,1000000.0,19
2022-07-26,1000000.0,19
2022-07-27,1000000.0,19
2022-07-28,1000000.0,19
2022-07-29,1000000.0,19
2022-08-01,1000000.0,19
2022-08-02,1000000.0,19
2022-08-03,1000000.0,19
2022-08-04,1000000.0,19
2022-08-05,1000000.0,19
2022-08-08,1000000.0,19
2022-08-10,1000000.0,19
2022-08-11,1000000.0,19
2022-08-12,1000000.0,19
2022-08-16,1000000.0,19
2022-08-17,1000000.0,19
2022-08-18,1000000.0,19
2022-08-19,1000000.0,19
2022-08-22,1000000.0,19
2022-08-23,1000000.0,19
2022-08-24,1000000.0,19
2022-08-25,1000000.0,19
2022-08-26,1000000.0,19
2022-08-29,1000000.0,19
2022-08-30,1000000.0,19
2022-09-01,1000000.0,19
2022-09-02,1000000.0,19
2022-09-05,1000000.0,19
2022-09-06,1000000.0,19
2022-09-07,1000000.0,19
2022-09-08,1000000.0,19
2022-09-09,1000000.0,19
2022-09-12,1000000.0,19
2022-09-13,1000000.0,19
2022-09-14,1000000.0,19
2022-09-15,1000000.0,19
2022-09-16,1000000.0,19
2022-09-19,1000000.0,19
2022-09-20,1000000.0,19
2022-09-21,1000000.0,19
2022-09-22,1000000.0,19
2022-09-23,1000000.0,19
2022-09-26,1000000.0,19
2022-09-27,1000000.0,19
2022-09-28,1000000.0,19
2022-09-29,1000000.0,19
2022-09-30,1000000.0,19
2022-08-01,1000000.0,20
2022-08-02,1000000.0,20
2022-08-03,1000000.0,20
2022-08-04,1000000.0,20
2022-08-05,1000000.0,20
2022-08-08,1000000.0,20
2022-08-10,1000000.0,20
2022-08-11,1000000.0,20
2022-08-12,1000000.0,20
2022-08-16,1000000.0,20
2022-08-17,1000000.0,20
2022-08-18,1000000.0,20
2022-08-19,1000000.0,20
2022-08-22,1000000.0,20
2022-08-23,1000000.0,20
2022-08-24,1000000.0,20
2022-08-25,1000000.0,20
2022-08-26,1000000.0,20
2022-08-29,1000000.0,20
2022-08-30,1000000.0,20
2022-09-01,1000000.0,20
2022-09-02,1000000.0,20
2022-09-05,1000000.0,20
2022-09-06,1000000.0,20
2022-09-07,1000000.0,20
2022-09-08,1000000.0,20
2022-09-09,1000000.0,20
2022-09-12,1000000.0,20
2022-09-13,1000000.0,20
2022-09-14,1000000.0,20
2022-09-15,1000000.0,20
2022-09-16,1000000.0,20
2022-09-19,1000000.0,20
2022-09-20,1000000.0,20
2022-09-21,1000000.0,20
2022-09-22,1000000.0,20
2022-09-23,1000000.0,20
2022-09-26,1000000.0,20
2022-09-27,1000000.0,20
2022-09-28,1000000.0,20
2022-09-29,1000000.0,20
2022-09-30,1000000.0,20
2022-10-03,1000000.0,20
2022-10-04,1000000.0,20
2022-10-06,1000000.0,20
2022-10-07,1000000.0,20
2022-10-10,1000000.0,20
2022-10-11,1000000.0,20
2022-10-12,1000000.0,20
2022-10-13,1000000.0,20
2022-10-14,1000000.0,20
2022-10-17,1000000.0,20
2022-10-18,1000000.0,20
2022-10-19,1000000.0,20
2022-10-20,1000000.0,20
2022-10-21,1000000.0,20
2022-10-24,1000000.0,20
2022-10-25,1000000.0,20
2022-10-27,1000000.0,20
2022-10-28,1000000.0,20
2022-10-31,1001271.29,20
2022-09-01,1000000.0,21
2022-09-02,1000000.0,21
2022-09-05,1000000.0,21
2022-09-06,1000000.0,21
2022-09-07,1000000.0,21
2022-09-08,1000000.0,21
2022-09-09,1000000.0,21
2022-09-12,1000000.0,21
2022-09-13,1000000.0,21
2022-09-14,1000000.0,21
2022-09-15,1000000.0,21
2022-09-16,1000000.0,21
2022-09-19,1000000.0,21
2022-09-20,1000000.0,21
2022-09-21,1000000.0,21
2022-09-22,1000000.0,21
2022-09-23,1000000.0,21
2022-09-26,1000000.0,21
2022-09-27,1000000.0,21
2022-09-28,1000000.0,21
2022-09-29,1000000.0,21
2022-09-30,1000000.0,21
2022-10-03,1000000.0,21
2022-10-04,1000000.0,21
2022-10-06,1000000.0,21
2022-10-07,1000000.0,21
2022-10-10,1000000.0,21
2022-10-11,1000000.0,21
2022-10-12,1000000.0,21
2022-10-13,1000000.0,21
2022-10-14,1000000.0,21
2022-10-17,1000000.0,21
2022-10-18,1000000.0,21
2022-10-19,1000000.0,21
2022-10-20,1000000.0,21
2022-10-21,1000000.0,21
2022-10-24,1000000.0,21
2022-10-25,1000000.0,21
2022-10-27,1000000.0,21
2022-10-28,1000000.0,21
2022-10-31,1001271.29,21
2022-11-01,1001453.1,21
2022-11-02,998845.89,21
2022-11-03,998633.92,21
2022-11-04,997118.19,21
2022-11-07,998847.15,21
2022-11-09,997179.85,21
2022-11-10,996733.57,21
2022-11-11,1000199.35,21
2022-11-14,993640.26,21
2022-11-15,995873.82,21
2022-11-16,995671.97,21
2022-11-17,995638.58,21
2022-11-18,994788.36,21
2022-11-21,992850.69,21
2022-11-22,995773.74,21
2022-11-23,997903.48,21
2022-11-24,999678.25,21
2022-11-25,1006019.89,21
2022-11-28,1005898.08,21
2022-11-29,1005508.88,21
2022-11-30,1009196.88,21
2022-10-03,1000000.0,22
2022-10-04,1000000.0,22
2022-10-06,1000000.0,22
2022-10-07,1000000.0,22
2022-10-10,1000000.0,22
2022-10-11,1000000.0,22
2022-10-12,1000000.0,22
2022-10-13,1000000.0,22
2022-10-14,1000000.0,22
2022-10-17,1000000.0,22
2022-10-18,1000000.0,22
2022-10-19,1000000.0,22
2022-10-20,1000000.0,22
2022-10-21,1000000.0,22
2022-10-24,1000000.0,22
2022-10-25,1000000.0,22
2022-10-27,1000000.0,22
2022-10-28,1000000.0,22
2022-10-31,1001271.29,22
2022-11-01,1001453.1,22
2022-11-02,998845.89,22
2022-11-03,998633.92,22
2022-11-04,997118.19,22
2022-11-07,998847.15,22
2022-11-09,997179.85,22
2022-11-10,996733.57,22
2022-11-11,1000199.35,22
2022-11-14,993640.26,22
2022-11-15,995873.82,22
2022-11-16,995671.97,22
2022-11-17,995638.58,22
2022-11-18,994788.36,22
2022-11-21,992850.69,22
2022-11-22,995773.74,22
2022-11-23,997903.48,22
2022-11-24,999678.25,22
2022-11-25,1006019.89,22
2022-11-28,1005898.08,22
2022-11-29,1005508.88,22
2022-11-30,1009196.88,22
2022-12-01,1010961.84,22
2022-12-02,1012369.75,22
2022-12-05,1011884.17,22
2022-12-06,1009913.44,22
2022-12-07,1010844.02,22
2022-12-08,1012729.39,22
2022-12-09,1014128.78,22
2022-12-12,1014032.37,22
2022-12-13,1014790.89,22
2022-12-14,1015751.85,22
2022-12-15,1015272.76,22
2022-12-16,1014640.65,22
2022-12-19,1014608.4,22
2022-12-20,1014608.4,22
2022-12-21,1014608.4,22
2022-12-22,1014608.4,22
2022-12-23,1014608.4,22
2022-12-26,1014608.4,22
2022-12-27,1014608.4,22
2022-12-28,1014608.4,22
2022-12-29,1014608.4,22
2022-12-30,1014608.4,22
2022-11-01,1000000.0,23
2022-11-02,999876.88,23
2022-11-03,999098.68,23
2022-11-04,997039.77,23
2022-11-07,998942.73,23
2022-11-09,997284.18,23
2022-11-10,994957.25,23
2022-11-11,1000192.24,23
2022-11-14,996695.06,23
2022-11-15,999464.51,23
2022-11-16,996585.92,23
2022-11-17,998209.54,23
2022-11-18,996690.96,23
2022-11-21,993879.57,23
2022-11-22,994338.42,23
2022-11-23,995862.41,23
2022-11-24,997901.33,23
2022-11-25,998031.55,23
2022-11-28,998754.68,23
2022-11-29,997680.28,23
2022-11-30,1000242.38,23
2022-12-01,1002928.02,23
2022-12-02,1002013.69,23
2022-12-05,1004053.98,23
2022-12-06,1003601.67,23
2022-12-07,1004543.36,23
2022-12-08,1006766.21,23
2022-12-09,1008441.49,23
2022-12-12,1007607.01,23
2022-12-13,1008460.75,23
2022-12-14,1009695.55,23
2022-12-15,1009302.93,23
2022-12-16,1008731.87,23
2022-12-19,1009142.18,23
2022-12-20,1009600.0,23
2022-12-21,1009076.05,23
2022-12-22,1008755.57,23
2022-12-23,1008038.31,23
2022-12-26,1008036.91,23
2022-12-27,1008036.91,23
2022-12-28,1008036.91,23
2022-12-29,1008036.91,23
2022-12-30,1008036.91,23
2023-01-02,1008036.91,23
2023-01-03,1008036.91,23
2023-01-04,1008036.91,23
2023-01-05,1008036.91,23
2023-01-06,1008036.91,23
2023-01-09,1008036.91,23
2023-01-10,1008036.91,23
2023-01-11,1008036.91,23
2023-01-12,1008036.91,23
2023-01-13,1008036.91,23
2023-01-16,1008036.91,23
2023-01-17,1008036.91,23
2023-01-18,1008036.91,23
2023-01-19,1008036.91,23
2023-01-20,1008036.91,23
2023-01-23,1008036.91,23
2023-01-24,1008036.91,23
2023-01-25,1008036.91,23
2023-01-27,1008036.91,23
2023-01-30,1008036.91,23
2023-01-31,1008036.91,23
2022-12-01,1000000.0,24
2022-12-02,1002930.43,24
2022-12-05,1001474.78,24
2022-12-06,994604.93,24
2022-12-07,990096.84,24
2022-12-08,992948.0,24
2022-12-09,984710.17,24
2022-12-12,987101.6,24
2022-12-13,988768.47,24
2022-12-14,989069.4,24
2022-12-15,987987.51,24
2022-12-16,985297.12,24
2022-12-19,984949.34,24
2022-12-20,983951.51,24
2022-12-21,980530.22,24
2022-12-22,980229.56,24
2022-12-23,972639.6,24
2022-12-26,972639.6,24
2022-12-27,972639.6,24
2022-12-28,972639.6,24
2022-12-29,972639.6,24
2022-12-30,972639.6,24
2023-01-02,972639.6,24
2023-01-03,972639.6,24
2023-01-04,972639.6,24
2023-01-05,972639.6,24
2023-01-06,972639.6,24
2023-01-09,972639.6,24
2023-01-10,972639.6,24
2023-01-11,972639.6,24
2023-01-12,972639.6,24
2023-01-13,972639.6,24
2023-01-16,972639.6,24
2023-01-17,972639.6,24
2023-01-18,972639.6,24
2023-01-19,972639.6,24
2023-01-20,972639.6,24
2023-01-23,972639.6,24
2023-01-24,972639.6,24
2023-01-25,972639.6,24
2023-01-27,972639.6,24
2023-01-30,972639.6,24
2023-01-31,972639.6,24
2023-02-01,972639.6,24
2023-02-02,972639.6,24
2023-02-03,972639.6,24
2023-02-06,972639.6,24
2023-02-07,972639.6,24
2023-02-08,972639.6,24
2023-02-09,972639.6,24
2023-02-10,972639.6,24
2023-02-13,972639.6,24
2023-02-14,972639.6,24
2023-02-15,972639.6,24
2023-02-16,972639.6,24
2023-02-17,972639.6,24
2023-02-20,972639.6,24
2023-02-21,972639.6,24
2023-02-22,972639.6,24
2023-02-23,972639.6,24
2023-02-24,972639.6,24
2023-02-27,972639.6,24
2023-02-28,972639.6,24
2023-01-02,1000000.0,25
2023-01-03,997751.86,25
2023-01-04,990800.92,25
2023-01-05,991054.78,25
2023-01-06,989567.43,25
2023-01-09,992482.69,25
2023-01-10,992126.29,25
2023-01-11,993667.46,25
2023-01-12,991235.09,25
2023-01-13,992471.43,25
2023-01-16,993185.66,25
2023-01-17,991538.82,25
2023-01-18,991634.34,25
2023-01-19,993441.12,25
2023-01-20,987703.09,25
2023-01-23,989145.3,25
2023-01-24,988387.33,25
2023-01-25,985860.23,25
2023-01-27,983560.13,25
2023-01-30,984546.86,25
2023-01-31,983773.0,25
2023-02-01,983630.93,25
2023-02-02,985317.05,25
2023-02-03,982672.79,25
2023-02-06,982168.45,25
2023-02-07,980623.9,25
2023-02-08,982441.47,25
2023-02-09,982742.59,25
2023-02-10,980734.85,25
2023-02-13,979824.89,25
2023-02-14,981154.34,25
2023-02-15,981891.84,25
2023-02-16,982007.85,25
2023-02-17,980483.22,25
2023-02-20,980922.25,25
2023-02-21,979726.41,25
2023-02-22,977930.79,25
2023-02-23,977846.84,25
2023-02-24,977777.43,25
2023-02-27,976591.73,25
2023-02-28,976252.89,25
2023-03-01,977506.92,25
2023-03-02,977594.95,25
2023-03-03,977594.95,25
2023-03-06,977594.95,25
2023-03-08,977594.95,25
2023-03-09,977594.95,25
2023-03-10,977594.95,25
2023-03-13,977594.95,25
2023-03-14,977594.95,25
2023-03-15,977594.95,25
2023-03-16,977594.95,25
2023-03-17,977594.95,25
2023-03-20,977594.95,25
2023-03-21,977594.95,25
2023-03-22,977594.95,25
2023-03-23,977594.95,25
2023-03-24,977594.95,25
2023-03-27,977594.95,25
2023-03-28,977594.95,25
2023-03-29,977594.95,25
2023-03-31,977594.95,25
2023-02-01,1000000.0,26
2023-02-02,1000000.0,26
2023-02-03,1000000.0,26
2023-02-06,1000000.0,26
2023-02-07,1000000.0,26
2023-02-08,1000000.0,26
2023-02-09,1000000.0,26
2023-02-10,1000000.0,26
2023-02-13,1000000.0,26
2023-02-14,1000000.0,26
2023-02-15,1000000.0,26
2023-02-16,1001864.67,26
2023-02-17,997124.29,26
2023-02-20,999783.48,26
2023-02-21,1000302.52,26
2023-02-22,998850.49,26
2023-02-23,998658.96,26
2023-02-24,995909.19,26
2023-02-27,989032.93,26
2023-02-28,991954.25,26
2023-03-01,993853.09,26
2023-03-02,991672.85,26
2023-03-03,991962.94,26
2023-03-06,994654.22,26
2023-03-08,999252.06,26
2023-03-09,997818.73,26
2023-03-10,996968.28,26
2023-03-13,993023.74,26
2023-03-14,993145.99,26
2023-03-15,993637.5,26
2023-03-16,993729.6,26
2023-03-17,994049.95,26
2023-03-20,993998.43,26
2023-03-21,995931.25,26
2023-03-22,994927.67,26
2023-03-23,995747.11,26
2023-03-24,995813.57,26
2023-03-27,994594.8,26
2023-03-28,994790.24,26
2023-03-29,997122.55,26
2023-03-31,997265.89,26
2023-04-03,997265.89,26
2023-04-05,997265.89,26
2023-04-06,997265.89,26
2023-04-10,997265.89,26
2023-04-11,997265.89,26
2023-04-12,997265.89,26
2023-04-13,997265.89,26
2023-04-17,997265.89,26
2023-04-18,997265.89,26
2023-04-19,997265.89,26
2023-04-20,997265.89,26
2023-04-21,997265.89,26
2023-04-24,997265.89,26
2023-04-25,997265.89,26
2023-04-26,997265.89,26
2023-04-27,997265.89,26
2023-04-28,997265.89,26
2023-03-01,1000000.0,27
2023-03-02,1000000.0,27
2023-03-03,1000000.0,27
2023-03-06,1000000.0,27
2023-03-08,1000000.0,27
2023-03-09,1000000.0,27
2023-03-10,1000000.0,27
2023-03-13,1000000.0,27
2023-03-14,1000000.0,27
2023-03-15,1000000.0,27
2023-03-16,1000000.0,27
2023-03-17,1000000.0,27
2023-03-20,1000000.0,27
2023-03-21,1000000.0,27
2023-03-22,1000000.0,27
2023-03-23,1000000.0,27
2023-03-24,1000000.0,27
2023-03-27,1000000.0,27
2023-03-28,1000000.0,27
2023-03-29,1000000.0,27
2023-03-31,1000000.0,27
2023-04-03,1000000.0,27
2023-04-05,1000000.0,27
2023-04-06,1000000.0,27
2023-04-10,1000000.0,27
2023-04-11,1000312.55,27
2023-04-12,997329.33,27
2023-04-13,996609.77,27
2023-04-17,998749.55,27
2023-04-18,1003422.03,27
2023-04-19,1003357.13,27
2023-04-20,1001061.37,27
2023-04-21,1001413.15,27
2023-04-24,1001751.69,27
2023-04-25,1003356.6,27
2023-04-26,1001911.95,27
2023-04-27,1005651.92,27
2023-04-28,1009746.93,27
2023-05-02,1010449.83,27
2023-05-03,1003070.74,27
2023-05-04,1007390.49,27
2023-05-05,1006903.91,27
2023-05-08,1010248.43,27
2023-05-09,1010014.51,27
2023-05-10,1010740.8,27
2023-05-11,1005235.58,27
2023-05-12,1005334.68,27
2023-05-15,1005571.13,27
2023-05-16,1006347.85,27
2023-05-17,1007153.85,27
2023-05-18,1004949.47,27
2023-05-19,1003181.25,27
2023-05-22,1005372.33,27
2023-05-23,1005784.0,27
2023-05-24,1005554.24,27
2023-05-25,1005571.16,27
2023-05-26,1006003.25,27
2023-05-29,1005864.59,27
2023-05-30,1006014.41,27
2023-05-31,1005879.74,27
2023-04-03,1000000.0,28
2023-04-05,1000000.0,28
2023-04-06,1000000.0,28
2023-04-10,1000000.0,28
2023-04-11,1000312.55,28
2023-04-12,997329.33,28
2023-04-13,996609.77,28
2023-04-17,998749.55,28
2023-04-18,1003422.03,28
2023-04-19,1003357.13,28
2023-04-20,1001061.37,28
2023-04-21,1001413.15,28
2023-04-24,1001751.69,28
2023-04-25,1003356.6,28
2023-04-26,1001911.95,28
2023-04-27,1005651.92,28
2023-04-28,1009746.93,28
2023-05-02,1010449.83,28
2023-05-03,1003070.74,28
2023-05-04,1007390.49,28
2023-05-05,1006903.91,28
2023-05-08,1010248.43,28
2023-05-09,1010014.51,28
2023-05-10,1010740.8,28
2023-05-11,1005235.58,28
2023-05-12,1005334.68,28
2023-05-15,1005571.13,28
2023-05-16,1006347.85,28
2023-05-17,1007153.85,28
2023-05-18,1004949.47,28
2023-05-19,1003181.25,28
2023-05-22,1005372.33,28
2023-05-23,1005784.0,28
2023-05-24,1005554.24,28
2023-05-25,1005571.16,28
2023-05-26,1006003.25,28
2023-05-29,1005864.59,28
2023-05-30,1006014.41,28
2023-05-31,1005879.74,28
2023-06-01,1005626.97,28
2023-06-02,1005442.69,28
2023-06-05,1005529.79,28
2023-06-06,1005429.58,28
2023-06-07,1005798.99,28
2023-06-08,1005510.65,28
2023-06-09,1005600.76,28
2023-06-12,1006159.42,28
2023-06-13,1006177.44,28
2023-06-14,1006529.74,28
2023-06-15,1006529.74,28
2023-06-16,1006529.74,28
2023-06-19,1006529.74,28
2023-06-20,1006529.74,28
2023-06-21,1006529.74,28
2023-06-22,1006529.74,28
2023-06-23,1006529.74,28
2023-06-26,1006529.74,28
2023-06-27,1006529.74,28
2023-06-28,1006529.74,28
2023-06-30,1006529.74,28
2023-05-02,1000000.0,29
2023-05-03,1004000.73,29
2023-05-04,1004359.2,29
2023-05-05,996231.96,29
2023-05-08,997433.79,29
2023-05-09,994086.13,29
2023-05-10,994655.82,29
2023-05-11,994780.05,29
2023-05-12,996684.56,29
2023-05-15,997532.37,29
2023-05-16,998108.2,29
2023-05-17,996271.14,29
2023-05-18,991269.16,29
2023-05-19,991099.94,29
2023-05-22,991645.35,29
2023-05-23,993357.12,29
2023-05-24,992212.59,29
2023-05-25,992402.03,29
2023-05-26,993383.36,29
2023-05-29,993337.31,29
2023-05-30,993229.25,29
2023-05-31,994811.53,29
2023-06-01,993418.1,29
2023-06-02,993369.49,29
2023-06-05,992779.63,29
2023-06-06,994395.67,29
2023-06-07,998908.33,29
2023-06-08,997051.95,29
2023-06-09,997015.0,29
2023-06-12,998900.61,29
2023-06-13,1000251.55,29
2023-06-14,1000576.56,29
2023-06-15,1000292.2,29
2023-06-16,1000376.31,29
2023-06-19,1000376.31,29
2023-06-20,1000376.31,29
2023-06-21,1000376.31,29
2023-06-22,1000376.31,29
2023-06-23,1000376.31,29
2023-06-26,1000376.31,29
2023-06-27,1000376.31,29
2023-06-28,1000376.31,29
2023-06-30,1000376.31,29
2023-07-03,1000376.31,29
2023-07-04,1000376.31,29
2023-07-05,1000376.31,29
2023-07-06,1000376.31,29
2023-07-07,1000376.31,29
2023-07-10,1000376.31,29
2023-07-11,1000376.31,29
2023-07-12,1000376.31,29
2023-07-13,1000376.31,29
2023-07-14,1000376.31,29
2023-07-17,1000376.31,29
2023-07-18,1000376.31,29
2023-07-19,1000376.31,29
2023-07-20,1000376.31,29
2023-07-21,1000376.31,29
2023-07-24,1000376.31,29
2023-07-25,1000376.31,29
2023-07-26,1000376.31,29
2023-07-27,1000376.31,29
2023-07-28,1000376.31,29
2023-07-31,1000376.31,29
2023-06-01,1000000.0,30
2023-06-02,1003061.0,30
2023-06-05,1003550.98,30
2023-06-06,1004435.15,30
2023-06-07,1006316.87,30
2023-06-08,1002818.81,30
2023-06-09,1004623.93,30
2023-06-12,1006219.61,30
2023-06-13,1009357.1,30
2023-06-14,1011405.78,30
2023-06-15,1011609.89,30
2023-06-16,1016207.04,30
2023-06-19,1014016.8,30
2023-06-20,1016101.09,30
2023-06-21,1015201.75,30
2023-06-22,1009356.59,30
2023-06-23,1006087.97,30
2023-06-26,1006621.68,30
2023-06-27,1006446.81,30
2023-06-28,1009090.45,30
2023-06-30,1010216.3,30
2023-07-03,1009668.57,30
2023-07-04,1008847.35,30
2023-07-05,1010259.41,30
2023-07-06,1012910.54,30
2023-07-07,1010250.76,30
2023-07-10,1008468.63,30
2023-07-11,1010119.9,30
2023-07-12,1010426.27,30
2023-07-13,1009723.75,30
2023-07-14,1010031.11,30
2023-07-17,1009970.39,30
2023-07-18,1009710.1,30
2023-07-19,1009671.92,30
2023-07-20,1009992.6,30
2023-07-21,1011183.51,30
2023-07-24,1011299.69,30
2023-07-25,1011367.47,30
2023-07-26,1011038.27,30
2023-07-27,1011193.19,30
2023-07-28,1010590.83,30
2023-07-31,1010590.83,30
2023-08-01,1010590.83,30
2023-08-02,1010590.83,30
2023-08-03,1010590.83,30
2023-08-04,1010590.83,30
2023-08-07,1010590.83,30
2023-08-08,1010590.83,30
2023-08-09,1010590.83,30
2023-08-10,1010590.83,30
2023-08-11,1010590.83,30
2023-08-14,1010590.83,30
2023-08-16,1010590.83,30
2023-08-17,1010590.83,30
2023-08-18,1010590.83,30
2023-08-21,1010590.83,30
2023-08-22,1010590.83,30
2023-08-23,1010590.83,30
2023-08-24,1010590.83,30
2023-08-25,1010590.83,30
2023-08-28,1010590.83,30
2023-08-29,1010590.83,30
2023-08-30,1010590.83,30
2023-08-31,1010590.83,30
2023-07-03,1000000.0,31
2023-07-04,999403.75,31
2023-07-05,998726.72,31
2023-07-06,1000765.43,31
2023-07-07,995336.87,31
2023-07-10,992121.41,31
2023-07-11,995782.11,31
2023-07-12,996566.72,31
2023-07-13,993360.27,31
2023-07-14,998051.88,31
2023-07-17,998467.22,31
2023-07-18,998950.17,31
2023-07-19,999668.96,31
2023-07-20,1001748.1,31
2023-07-21,999705.02,31
2023-07-24,995221.12,31
2023-07-25,994350.25,31
2023-07-26,993219.39,31
2023-07-27,993136.38,31
2023-07-28,993945.3,31
2023-07-31,993435.03,31
2023-08-01,993212.32,31
2023-08-02,993004.12,31
2023-08-03,993011.8,31
2023-08-04,993026.3,31
2023-08-07,993018.63,31
2023-08-08,992711.44,31
2023-08-09,992568.09,31
2023-08-10,992499.82,31
2023-08-11,992467.4,31
2023-08-14,992473.37,31
2023-08-16,993064.7,31
2023-08-17,993202.94,31
2023-08-18,992947.47,31
2023-08-21,992947.47,31
2023-08-22,992947.47,31
2023-08-23,992947.47,31
2023-08-24,992947.47,31
2023-08-25,992947.47,31
2023-08-28,992947.47,31
2023-08-29,992947.47,31
2023-08-30,992947.47,31
2023-08-31,992947.47,31
2023-09-01,992947.47,31
2023-09-04,992947.47,31
2023-09-05,992947.47,31
2023-09-06,992947.47,31
2023-09-07,992947.47,31
2023-09-08,992947.47,31
2023-09-11,992947.47,31
2023-09-12,992947.47,31
2023-09-13,992947.47,31
2023-09-14,992947.47,31
2023-09-15,992947.47,31
2023-09-18,992947.47,31
2023-09-20,992947.47,31
2023-09-21,992947.47,31
2023-09-22,992947.47,31
2023-09-25,992947.47,31
2023-09-26,992947.47,31
2023-09-27,992947.47,31
2023-09-28,992947.47,31
2023-09-29,992947.47,31
2023-08-01,1000000.0,32
2023-08-02,996269.9,32
2023-08-03,995718.87,32
2023-08-04,997816.37,32
2023-08-07,997997.5,32
2023-08-08,996972.82,32
2023-08-09,995832.82,32
2023-08-10,990838.29,32
2023-08-11,985160.41,32
2023-08-14,979755.31,32
2023-08-16,982217.87,32
2023-08-17,981337.27,32
2023-08-18,981072.64,32
2023-08-21,984159.72,32
2023-08-22,986166.14,32
2023-08-23,986178.39,32
2023-08-24,985582.4,32
2023-08-25,982375.2,32
2023-08-28,984128.49,32
2023-08-29,983795.35,32
2023-08-30,984977.93,32
2023-08-31,984061.2,32
2023-09-01,984475.71,32
2023-09-04,985234.32,32
2023-09-05,986302.49,32
2023-09-06,984666.76,32
2023-09-07,986215.9,32
2023-09-08,987902.34,32
2023-09-11,989047.37,32
2023-09-12,985895.14,32
2023-09-13,985892.37,32
2023-09-14,986084.1,32
2023-09-15,985855.23,32
2023-09-18,984193.19,32
2023-09-20,983680.92,32
2023-09-21,983344.2,32
2023-09-22,982721.31,32
2023-09-25,982721.31,32
2023-09-26,982721.31,32
2023-09-27,982721.31,32
2023-09-28,982721.31,32
2023-09-29,982721.31,32
2023-10-03,982721.31,32
2023-10-04,982721.31,32
2023-10-05,982721.31,32
2023-10-06,982721.31,32
2023-10-09,982721.31,32
2023-10-10,982721.31,32
2023-10-11,982721.31,32
2023-10-12,982721.31,32
2023-10-13,982721.31,32
2023-10-16,982721.31,32
2023-10-17,982721.31,32
2023-10-18,982721.31,32
2023-10-19,982721.31,32
2023-10-20,982721.31,32
2023-10-23,982721.31,32
2023-10-25,982721.31,32
2023-10-26,982721.31,32
2023-10-27,982721.31,32
2023-10-30,982721.31,32
2023-10-31,982721.31,32
2023-09-01,1000000.0,33
2023-09-04,1000522.05,33
2023-09-05,1002816.0,33
2023-09-06,1001738.42,33
2023-09-07,1003444.39,33
2023-09-08,1007093.99,33
2023-09-11,1011586.8,33
2023-09-12,997826.68,33
2023-09-13,997610.55,33
2023-09-14,1000977.58,33
2023-09-15,1003544.34,33
2023-09-18,1001592.72,33
2023-09-20,997198.0,33
2023-09-21,992812.37,33
2023-09-22,992784.49,33
2023-09-25,992480.89,33
2023-09-26,994459.65,33
2023-09-27,999717.48,33
2023-09-28,997408.09,33
2023-09-29,999175.73,33
2023-10-03,999818.33,33
2023-10-04,994621.67,33
2023-10-05,991330.96,33
2023-10-06,994204.56,33
2023-10-09,989854.99,33
2023-10-10,995344.56,33
2023-10-11,997408.71,33
2023-10-12,998079.25,33
2023-10-13,998795.36,33
2023-10-16,999294.35,33
2023-10-17,998089.98,33
2023-10-18,998101.43,33
2023-10-19,997593.41,33
2023-10-20,997593.41,33
2023-10-23,997593.41,33
2023-10-25,997593.41,33
2023-10-26,997593.41,33
2023-10-27,997593.41,33
2023-10-30,997593.41,33
2023-10-31,997593.41,33
2023-11-01,997593.41,33
2023-11-02,997593.41,33
2023-11-03,997593.41,33
2023-11-06,997593.41,33
2023-11-07,997593.41,33
2023-11-08,997593.41,33
2023-11-09,997593.41,33
2023-11-10,997593.41,33
2023-11-13,997593.41,33
2023-11-15,997593.41,33
2023-11-16,997593.41,33
2023-11-17,997593.41,33
2023-11-20,997593.41,33
2023-11-21,997593.41,33
2023-11-22,997593.41,33
2023-11-23,997593.41,33
2023-11-24,997593.41,33
2023-11-28,997593.41,33
2023-11-29,997593.41,33
2023-11-30,997593.41,33
2023-10-03,1000000.0,34
2023-10-04,1000000.0,34
2023-10-05,1000000.0,34
2023-10-06,1000000.0,34
2023-10-09,999085.85,34
2023-10-10,1010451.6,34
2023-10-11,1010076.64,34
2023-10-12,1009411.6,34
2023-10-13,1010790.38,34
2023-10-16,1014085.24,34
2023-10-17,1012816.76,34
2023-10-18,1011578.25,34
2023-10-19,1013172.41,34
2023-10-20,1009545.91,34
2023-10-23,1003872.14,34
2023-10-25,1002835.11,34
2023-10-26,1001844.52,34
2023-10-27,1001354.55,34
2023-10-30,1002112.12,34
2023-10-31,1002344.44,34
2023-11-01,1001353.04,34
2023-11-02,1003650.89,34
2023-11-03,1007883.45,34
2023-11-06,1010882.57,34
2023-11-07,1009199.61,34
2023-11-08,1013638.38,34
2023-11-09,1016915.69,34
2023-11-10,1016312.0,34
2023-11-13,1016132.01,34
2023-11-15,1019330.34,34
2023-11-16,1022967.96,34
2023-11-17,1021130.26,34
2023-11-20,1023143.07,34
2023-11-21,1026113.71,34
2023-11-22,1027705.52,34
2023-11-23,1031967.94,34
2023-11-24,1030660.59,34
2023-11-28,1036067.31,34
2023-11-29,1043684.33,34
2023-11-30,1050838.09,34
2023-12-01,1052159.3,34
2023-12-04,1057179.43,34
2023-12-05,1055641.25,34
2023-12-06,1057328.88,34
2023-12-07,1060035.82,34
2023-12-08,1062500.82,34
2023-12-11,1063663.75,34
2023-12-12,1061613.85,34
2023-12-13,1063940.28,34
2023-12-14,1068837.66,34
2023-12-15,1073264.94,34
2023-12-18,1076134.86,34
2023-12-19,1074358.0,34
2023-12-20,1068057.66,34
2023-12-21,1067865.68,34
2023-12-22,1069218.97,34
2023-12-26,1071553.11,34
2023-12-27,1074039.35,34
2023-12-28,1078024.57,34
2023-12-29,1078723.68,34
2023-11-01,1000000.0,35
2023-11-02,1000000.0,35
2023-11-03,1000000.0,35
2023-11-06,1000000.0,35
2023-11-07,1000000.0,35
2023-11-08,1000000.0,35
2023-11-09,1000000.0,35
2023-11-10,1000000.0,35
2023-11-13,1000000.0,35
2023-11-15,1000000.0,35
2023-11-16,1000393.26,35
2023-11-17,998635.49,35
2023-11-20,1000786.02,35
2023-11-21,1006153.01,35
2023-11-22,1005535.74,35
2023-11-23,1010506.8,35
2023-11-24,1007685.5,35
2023-11-28,1011606.93,35
2023-11-29,1015231.91,35
2023-11-30,1018332.55,35
2023-12-01,1021612.2,35
2023-12-04,1024909.08,35
2023-12-05,1023002.12,35
2023-12-06,1024130.6,35
2023-12-07,1026072.05,35
2023-12-08,1031791.82,35
2023-12-11,1033937.48,35
2023-12-12,1031542.7,35
2023-12-13,1030050.71,35
2023-12-14,1036889.55,35
2023-12-15,1043167.41,35
2023-12-18,1042582.06,35
2023-12-19,1040435.32,35
2023-12-20,1035392.94,35
2023-12-21,1036802.57,35
2023-12-22,1039547.48,35
2023-12-26,1040251.63,35
2023-12-27,1041608.24,35
2023-12-28,1042895.08,35
2023-12-29,1043020.07,35
2024-01-01,1044916.27,35
2024-01-02,1045596.17,35
2024-01-03,1045450.23,35
2024-01-04,1046005.68,35
2024-01-05,1048165.57,35
2024-01-08,1043443.53,35
2024-01-09,1045123.22,35
2024-01-10,1043597.36,35
2024-01-11,1042872.26,35
2024-01-12,1046238.64,35
2024-01-15,1052191.76,35
2024-01-16,1048657.98,35
2024-01-17,1048315.35,35
2024-01-18,1062308.39,35
2024-01-19,1069622.51,35
2024-01-23,1060715.72,35
2024-01-24,1067522.28,35
2024-01-25,1064803.26,35
2024-01-29,1071376.86,35
2024-01-30,1071210.22,35
2024-01-31,1073220.48,35
2023-12-01,1000000.0,36
2023-12-04,1004463.35,36
2023-12-05,1005831.55,36
2023-12-06,1004008.05,36
2023-12-07,1005790.23,36
2023-12-08,1009999.17,36
2023-12-11,1013194.33,36
2023-12-12,1011416.72,36
2023-12-13,1013607.28,36
2023-12-14,1016931.04,36
2023-12-15,1019550.55,36
2023-12-18,1017568.45,36
2023-12-19,1016785.55,36
2023-12-20,1012386.35,36
2023-12-21,1015141.36,36
2023-12-22,1019701.22,36
2023-12-26,1021132.09,36
2023-12-27,1022487.79,36
2023-12-28,1024724.0,36
2023-12-29,1023089.51,36
2024-01-01,1024055.75,36
2024-01-02,1025558.28,36
2024-01-03,1022795.04,36
2024-01-04,1022671.75,36
2024-01-05,1023226.12,36
2024-01-08,1017088.71,36
2024-01-09,1016998.83,36
2024-01-10,1016184.78,36
2024-01-11,1014151.36,36
2024-01-12,1018735.54,36
2024-01-15,1028576.71,36
2024-01-16,1023887.66,36
2024-01-17,1021437.05,36
2024-01-18,1033622.06,36
2024-01-19,1039978.97,36
2024-01-23,1027498.16,36
2024-01-24,1033470.52,36
2024-01-25,1030829.25,36
2024-01-29,1037159.21,36
2024-01-30,1036518.66,36
2024-01-31,1037651.59,36
2024-02-01,1037815.35,36
2024-02-02,1045622.95,36
2024-02-05,1047445.57,36
2024-02-06,1053502.71,36
2024-02-07,1053696.08,36
2024-02-08,1055493.97,36
2024-02-09,1052595.42,36
2024-02-12,1050450.18,36
2024-02-13,1050631.89,36
2024-02-14,1051970.75,36
2024-02-15,1052893.85,36
2024-02-16,1053177.68,36
2024-02-19,1053327.73,36
2024-02-20,1053340.91,36
2024-02-21,1052320.24,36
2024-02-22,1053558.32,36
2024-02-23,1052812.46,36
2024-02-26,1052180.88,36
2024-02-27,1052199.04,36
2024-02-28,1051620.82,36
2024-02-29,1051620.82,36
2024-01-01,1000000.0,37
2024-01-02,1001602.98,37
2024-01-03,1003145.24,37
2024-01-04,1004119.62,37
2024-01-05,1005614.01,37
2024-01-08,1002010.45,37
2024-01-09,1003652.93,37
2024-01-10,1002137.38,37
2024-01-11,1001444.46,37
2024-01-12,1004581.6,37
2024-01-15,1010403.39,37
2024-01-16,1006981.84,37
2024-01-17,1006698.6,37
2024-01-18,1020547.55,37
2024-01-19,1027653.92,37
2024-01-23,1019001.38,37
2024-01-24,1025508.66,37
2024-01-25,1022908.22,37
2024-01-29,1029218.51,37
2024-01-30,1029065.73,37
2024-01-31,1030988.46,37
2024-02-01,1031946.79,37
2024-02-02,1048367.18,37
2024-02-05,1056341.68,37
2024-02-06,1068212.54,37
2024-02-07,1067366.11,37
2024-02-08,1070449.66,37
2024-02-09,1066159.18,37
2024-02-12,1059420.35,37
2024-02-13,1061239.37,37
2024-02-14,1066373.08,37
2024-02-15,1069900.25,37
2024-02-16,1071924.03,37
2024-02-19,1069325.38,37
2024-02-20,1067790.56,37
2024-02-21,1062242.06,37
2024-02-22,1068330.11,37
2024-02-23,1065834.87,37
2024-02-26,1066706.16,37
2024-02-27,1067262.51,37
2024-02-28,1058129.22,37
2024-02-29,1059892.3,37
2024-03-01,1063851.04,37
2024-03-04,1068415.15,37
2024-03-05,1067066.64,37
2024-03-06,1059461.74,37
2024-03-07,1061045.28,37
2024-03-11,1057830.69,37
2024-03-12,1057311.13,37
2024-03-13,1047915.54,37
2024-03-14,1049860.74,37
2024-03-15,1048757.74,37
2024-03-18,1049648.26,37
2024-03-19,1047563.75,37
2024-03-20,1047177.97,37
2024-03-21,1047527.72,37
2024-03-22,1047781.69,37
2024-03-26,1048220.2,37
2024-03-27,1048669.25,37
2024-03-28,1049323.94,37
2024-02-01,1000000.0,38
2024-02-02,1000000.0,38
2024-02-05,1005277.62,38
2024-02-06,1016556.11,38
2024-02-07,1014551.01,38
2024-02-08,1017916.11,38
2024-02-09,1011566.56,38
2024-02-12,1001411.02,38
2024-02-13,1002753.12,38
2024-02-14,1015737.43,38
2024-02-15,1025587.6,38
2024-02-16,1024950.16,38
2024-02-19,1022346.5,38
2024-02-20,1019283.49,38
2024-02-21,1011708.12,38
2024-02-22,1016754.71,38
2024-02-23,1013506.86,38
2024-02-26,1014670.6,38
2024-02-27,1011467.06,38
2024-02-28,1000844.63,38
2024-02-29,1003967.16,38
2024-03-01,1010837.46,38
2024-03-04,1020618.77,38
2024-03-05,1020935.52,38
2024-03-06,1016263.93,38
2024-03-07,1016470.63,38
2024-03-11,1009173.58,38
2024-03-12,1007148.48,38
2024-03-13,988342.52,38
2024-03-14,990826.88,38
2024-03-15,989859.34,38
2024-03-18,991106.24,38
2024-03-19,988373.87,38
2024-03-20,987688.04,38
2024-03-21,988309.82,38
2024-03-22,988761.32,38
2024-03-26,989540.89,38
2024-03-27,990339.21,38
2024-03-28,991503.1,38
2024-04-01,992228.14,38
2024-04-02,992810.86,38
2024-04-03,992502.31,38
2024-04-04,992556.21,38
2024-04-05,992622.61,38
2024-04-08,992410.92,38
2024-04-09,991854.75,38
2024-04-10,991197.04,38
2024-04-12,990804.9,38
2024-04-15,990152.31,38
2024-04-16,990152.31,38
2024-04-18,990152.31,38
2024-04-19,990152.31,38
2024-04-22,990152.31,38
2024-04-23,990152.31,38
2024-04-24,990152.31,38
2024-04-25,990152.31,38
2024-04-26,990152.31,38
2024-04-29,990152.31,38
2024-04-30,990152.31,38
2024-03-01,1000000.0,39
2024-03-04,1000055.34,39
2024-03-05,1000173.56,39
2024-03-06,995577.32,39
2024-03-07,996166.08,39
2024-03-11,994877.22,39
2024-03-12,994039.21,39
2024-03-13,988820.51,39
2024-03-14,989916.0,39
2024-03-15,988798.49,39
2024-03-18,989176.76,39
2024-03-19,988081.66,39
2024-03-20,988081.66,39
2024-03-21,988081.66,39
2024-03-22,988081.66,39
2024-03-26,988081.66,39
2024-03-27,988081.66,39
2024-03-28,988081.66,39
2024-04-01,988081.66,39
2024-04-02,988081.66,39
2024-04-03,988081.66,39
2024-04-04,988081.66,39
2024-04-05,988081.66,39
2024-04-08,988081.66,39
2024-04-09,988081.66,39
2024-04-10,988081.66,39
2024-04-12,988081.66,39
2024-04-15,988081.66,39
2024-04-16,988081.66,39
2024-04-18,988081.66,39
2024-04-19,988081.66,39
2024-04-22,988081.66,39
2024-04-23,988081.66,39
2024-04-24,988081.66,39
2024-04-25,988081.66,39
2024-04-26,988081.66,39
2024-04-29,988081.66,39
2024-04-30,988081.66,39
2024-05-02,988081.66,39
2024-05-03,988081.66,39
2024-05-06,988081.66,39
2024-05-07,988081.66,39
2024-05-08,988081.66,39
2024-05-09,988081.66,39
2024-05-10,988081.66,39
2024-05-13,988081.66,39
2024-05-14,988081.66,39
2024-05-15,988081.66,39
2024-05-16,988081.66,39
2024-05-17,988081.66,39
2024-05-21,988081.66,39
2024-05-22,988081.66,39
2024-05-23,988081.66,39
2024-05-24,988081.66,39
2024-05-27,988081.66,39
2024-05-28,988081.66,39
2024-05-29,988081.66,39
2024-05-30,988081.66,39
2024-05-31,988081.66,39
2024-04-01,1000000.0,40
2024-04-02,1000000.0,40
2024-04-03,999581.52,40
2024-04-04,1001837.84,40
2024-04-05,1003840.08,40
2024-04-08,1006032.67,40
2024-04-09,1021316.79,40
2024-04-10,1024375.35,40
2024-04-12,1029166.6,40
2024-04-15,1024258.17,40
2024-04-16,1024047.47,40
2024-04-18,1023323.43,40
2024-04-19,1023474.99,40
2024-04-22,1020411.52,40
2024-04-23,1021086.04,40
2024-04-24,1027719.93,40
2024-04-25,1033293.12,40
2024-04-26,1036171.28,40
2024-04-29,1038001.0,40
2024-04-30,1040853.12,40
2024-05-02,1052266.04,40
2024-05-03,1053368.09,40
2024-05-06,1043890.08,40
2024-05-07,1033996.88,40
2024-05-08,1038043.56,40
2024-05-09,1026384.18,40
2024-05-10,1033610.61,40
2024-05-13,1034733.12,40
2024-05-14,1040299.28,40
2024-05-15,1046454.71,40
2024-05-16,1044756.98,40
2024-05-17,1054562.1,40
2024-05-21,1062969.48,40
2024-05-22,1061391.14,40
2024-05-23,1060534.86,40
2024-05-24,1060538.8,40
2024-05-27,1060101.5,40
2024-05-28,1059356.91,40
2024-05-29,1059770.57,40
2024-05-30,1059238.72,40
2024-05-31,1060751.54,40
2024-06-03,1062469.22,40
2024-06-04,1057388.18,40
2024-06-05,1057388.18,40
2024-06-06,1057388.18,40
2024-06-07,1057388.18,40
2024-06-10,1057388.18,40
2024-06-11,1057388.18,40
2024-06-12,1057388.18,40
2024-06-13,1057388.18,40
2024-06-14,1057388.18,40
2024-06-18,1057388.18,40
2024-06-19,1057388.18,40
2024-06-20,1058237.75,40
2024-06-21,1053727.56,40
2024-06-24,1055117.2,40
2024-06-25,1059702.02,40
2024-06-26,1061482.43,40
2024-06-27,1060904.01,40
2024-06-28,1060137.19,40
2024-05-02,1000000.0,41
2024-05-03,1000558.54,41
2024-05-06,999357.22,41
2024-05-07,995456.82,41
2024-05-08,996690.84,41
2024-05-09,995382.59,41
2024-05-10,995957.84,41
2024-05-13,996690.84,41
2024-05-14,997910.95,41
2024-05-15,998565.08,41
2024-05-16,998532.6,41
2024-05-17,998727.45,41
2024-05-21,1002174.16,41
2024-05-22,1001754.32,41
2024-05-23,1001394.78,41
2024-05-24,1001230.09,41
2024-05-27,1001443.49,41
2024-05-28,1001603.55,41
2024-05-29,1002716.95,41
2024-05-30,1002246.07,41
2024-05-31,1001977.0,41
2024-06-03,1002283.19,41
2024-06-04,1000020.29,41
2024-06-05,1000020.29,41
2024-06-06,1000020.29,41
2024-06-07,1000020.29,41
2024-06-10,1000020.29,41
2024-06-11,1000020.29,41
2024-06-12,1000020.29,41
2024-06-13,1000020.29,41
2024-06-14,1000020.29,41
2024-06-18,1000020.29,41
2024-06-19,1000020.29,41
2024-06-20,1000823.14,41
2024-06-21,996629.55,41
2024-06-24,997069.02,41
2024-06-25,999085.18,41
2024-06-26,1000987.54,41
2024-06-27,1002262.27,41
2024-06-28,1000238.54,41
2024-07-01,1004546.32,41
2024-07-02,1002975.82,41
2024-07-03,1009295.41,41
2024-07-04,1009859.6,41
2024-07-05,1011060.31,41
2024-07-08,1011478.45,41
2024-07-09,1012739.29,41
2024-07-10,1011847.18,41
2024-07-11,1012305.39,41
2024-07-12,1014273.23,41
2024-07-15,1014546.46,41
2024-07-16,1012919.84,41
2024-07-18,1012234.58,41
2024-07-19,1000983.45,41
2024-07-22,1003143.92,41
2024-07-23,1001530.58,41
2024-07-24,1001094.32,41
2024-07-25,999354.3,41
2024-07-26,1001225.41,41
2024-07-29,1003609.22,41
2024-07-30,1006330.58,41
2024-07-31,1008500.66,41
2024-06-03,1000000.0,42
2024-06-04,1000000.0,42
2024-06-05,1000000.0,42
2024-06-06,1000000.0,42
2024-06-07,1000000.0,42
2024-06-10,1000000.0,42
2024-06-11,1000000.0,42
2024-06-12,1000000.0,42
2024-06-13,1000000.0,42
2024-06-14,1000000.0,42
2024-06-18,1000000.0,42
2024-06-19,1000000.0,42
2024-06-20,1000802.85,42
2024-06-21,996609.27,42
2024-06-24,997048.73,42
2024-06-25,999064.89,42
2024-06-26,1000967.25,42
2024-06-27,1002241.98,42
2024-06-28,1000218.25,42
2024-07-01,1004526.03,42
2024-07-02,1002955.53,42
2024-07-03,1009275.12,42
2024-07-04,1009839.32,42
2024-07-05,1011040.03,42
2024-07-08,1011458.16,42
2024-07-09,1012719.0,42
2024-07-10,1011826.9,42
2024-07-11,1012285.1,42
2024-07-12,1014252.95,42
2024-07-15,1014526.17,42
2024-07-16,1012899.55,42
2024-07-18,1012214.29,42
2024-07-19,1000963.16,42
2024-07-22,1003123.63,42
2024-07-23,1001510.29,42
2024-07-24,1001074.03,42
2024-07-25,999334.01,42
2024-07-26,1001205.12,42
2024-07-29,1003588.94,42
2024-07-30,1006310.29,42
2024-07-31,1008480.38,42
2024-08-01,1005660.14,42
2024-08-02,1004005.56,42
2024-08-05,1001451.84,42
2024-08-06,1001451.84,42
2024-08-07,1001451.84,42
2024-08-08,1001451.84,42
2024-08-09,1001451.84,42
2024-08-12,1001451.84,42
2024-08-13,1001451.84,42
2024-08-14,1001451.84,42
2024-08-16,1001451.84,42
2024-08-19,1001451.84,42
2024-08-20,1001451.84,42
2024-08-21,1001451.84,42
2024-08-22,1001451.84,42
2024-08-23,1001451.84,42
2024-08-26,1001451.84,42
2024-08-27,1001451.84,42
2024-08-28,1001451.84,42
2024-08-29,1001451.84,42
2024-08-30,1001451.84,42
2024-07-01,1000000.0,43
2024-07-02,1001243.04,43
2024-07-03,1002317.01,43
2024-07-04,1005021.92,43
2024-07-05,1004839.51,43
2024-07-08,1007382.8,43
2024-07-09,1006491.44,43
2024-07-10,1004529.93,43
2024-07-11,1003853.02,43
2024-07-12,1012534.32,43
2024-07-15,1014355.23,43
2024-07-16,1015284.78,43
2024-07-18,1015521.41,43
2024-07-19,1011345.83,43
2024-07-22,1014740.69,43
2024-07-23,1020297.77,43
2024-07-24,1020375.61,43
2024-07-25,1019222.46,43
2024-07-26,1022161.61,43
2024-07-29,1023810.99,43
2024-07-30,1028122.21,43
2024-07-31,1026050.21,43
2024-08-01,1025734.77,43
2024-08-02,1021542.93,43
2024-08-05,1017926.32,43
2024-08-06,1018825.16,43
2024-08-07,1021444.46,43
2024-08-08,1018076.83,43
2024-08-09,1019389.63,43
2024-08-12,1018480.04,43
2024-08-13,1020451.21,43
2024-08-14,1018784.04,43
2024-08-16,1020233.58,43
2024-08-19,1021045.31,43
2024-08-20,1022132.49,43
2024-08-21,1021365.03,43
2024-08-22,1022200.53,43
2024-08-23,1022353.04,43
2024-08-26,1022907.14,43
2024-08-27,1022206.42,43
2024-08-28,1024919.3,43
2024-08-29,1027246.41,43
2024-08-30,1031365.38,43
2024-09-02,1032781.92,43
2024-09-03,1032699.41,43
2024-09-04,1036605.21,43
2024-09-05,1039160.56,43
2024-09-06,1033865.48,43
2024-09-09,1029335.08,43
2024-09-10,1035423.94,43
2024-09-11,1031207.68,43
2024-09-12,1035710.01,43
2024-09-13,1036755.62,43
2024-09-16,1033472.84,43
2024-09-17,1032614.82,43
2024-09-18,1027884.42,43
2024-09-19,1026012.41,43
2024-09-20,1027050.11,43
2024-09-23,1024924.56,43
2024-09-24,1027443.82,43
2024-09-25,1026909.46,43
2024-09-26,1027468.54,43
2024-09-27,1028458.13,43
2024-09-30,1026412.31,43
2024-08-01,1000000.0,44
2024-08-02,997726.28,44
2024-08-05,995601.11,44
2024-08-06,994664.54,44
2024-08-07,995591.31,44
2024-08-08,995680.89,44
2024-08-09,995620.59,44
2024-08-12,995570.63,44
2024-08-13,997420.62,44
2024-08-14,995906.18,44
2024-08-16,994641.7,44
2024-08-19,995471.22,44
2024-08-20,996831.61,44
2024-08-21,995744.89,44
2024-08-22,996153.21,44
2024-08-23,997191.32,44
2024-08-26,997462.18,44
2024-08-27,998209.54,44
2024-08-28,999293.4,44
2024-08-29,999048.34,44
2024-08-30,999570.65,44
2024-09-02,999161.81,44
2024-09-03,998992.3,44
2024-09-04,999385.54,44
2024-09-05,998942.27,44
2024-09-06,998984.43,44
2024-09-09,998560.0,44
2024-09-10,998814.92,44
2024-09-11,998761.41,44
2024-09-12,1000187.42,44
2024-09-13,1000001.62,44
2024-09-16,999936.87,44
2024-09-17,999706.73,44
2024-09-18,999441.73,44
2024-09-19,999221.55,44
2024-09-20,998588.93,44
2024-09-23,998282.08,44
2024-09-24,998598.03,44
2024-09-25,998598.03,44
2024-09-26,998598.03,44
2024-09-27,998598.03,44
2024-09-30,998598.03,44
2024-10-01,998598.03,44
2024-10-03,998598.03,44
2024-10-04,998598.03,44
2024-10-07,998598.03,44
2024-10-08,998598.03,44
2024-10-09,998598.03,44
2024-10-10,998598.03,44
2024-10-11,998598.03,44
2024-10-14,998598.03,44
2024-10-15,998598.03,44
2024-10-16,998598.03,44
2024-10-17,998598.03,44
2024-10-18,998598.03,44
2024-10-21,998598.03,44
2024-10-22,998598.03,44
2024-10-23,998598.03,44
2024-10-24,998598.03,44
2024-10-25,998598.03,44
2024-10-28,998598.03,44
2024-10-29,998598.03,44
2024-10-30,998598.03,44
2024-10-31,998598.03,44
2024-09-02,1000000.0,45
2024-09-03,997963.75,45
2024-09-04,999961.88,45
2024-09-05,1003229.47,45
2024-09-06,995646.15,45
2024-09-09,992264.44,45
2024-09-10,993747.86,45
2024-09-11,989769.14,45
2024-09-12,988948.74,45
2024-09-13,988969.95,45
2024-09-16,990804.98,45
2024-09-17,988173.15,45
2024-09-18,985908.69,45
2024-09-19,985405.19,45
2024-09-20,985405.19,45
2024-09-23,985405.19,45
2024-09-24,985405.19,45
2024-09-25,985405.19,45
2024-09-26,985405.19,45
2024-09-27,985405.19,45
2024-09-30,985405.19,45
2024-10-01,985405.19,45
2024-10-03,985405.19,45
2024-10-04,985405.19,45
2024-10-07,985405.19,45
2024-10-08,985405.19,45
2024-10-09,985405.19,45
2024-10-10,985405.19,45
2024-10-11,985405.19,45
2024-10-14,985405.19,45
2024-10-15,985405.19,45
2024-10-16,985405.19,45
2024-10-17,985405.19,45
2024-10-18,985405.19,45
2024-10-21,985405.19,45
2024-10-22,985405.19,45
2024-10-23,985405.19,45
2024-10-24,985405.19,45
2024-10-25,985405.19,45
2024-10-28,985405.19,45
2024-10-29,985405.19,45
2024-10-30,985405.19,45
2024-10-31,985405.19,45
2024-11-01,985405.19,45
2024-11-04,985405.19,45
2024-11-05,985405.19,45
2024-11-06,985405.19,45
2024-11-07,985405.19,45
2024-11-08,985405.19,45
2024-11-11,985405.19,45
2024-11-12,985405.19,45
2024-11-13,985405.19,45
2024-11-14,985405.19,45
2024-11-18,985405.19,45
2024-11-19,985405.19,45
2024-11-21,985405.19,45
2024-11-22,985405.19,45
2024-11-25,985405.19,45
2024-11-26,985405.19,45
2024-11-27,985405.19,45
2024-11-28,985405.19,45
2024-11-29,985405.19,45
2024-10-01,1000000.0,46
2024-10-03,1000000.0,46
2024-10-04,1000000.0,46
2024-10-07,1000000.0,46
2024-10-08,1000000.0,46
2024-10-09,1000000.0,46
2024-10-10,1000000.0,46
2024-10-11,1000000.0,46
2024-10-14,1000000.0,46
2024-10-15,1000614.76,46
2024-10-16,998607.8,46
2024-10-17,994589.07,46
2024-10-18,994357.9,46
2024-10-21,992508.84,46
2024-10-22,992226.46,46
2024-10-23,992960.34,46
2024-10-24,992933.22,46
2024-10-25,993170.94,46
2024-10-28,993789.95,46
2024-10-29,993789.95,46
2024-10-30,992738.59,46
2024-10-31,990254.26,46
2024-11-01,990254.26,46
2024-11-04,990254.26,46
2024-11-05,990254.26,46
2024-11-06,990254.26,46
2024-11-07,990254.26,46
2024-11-08,990254.26,46
2024-11-11,990254.26,46
2024-11-12,990254.26,46
2024-11-13,990254.26,46
2024-11-14,990254.26,46
2024-11-18,990254.26,46
2024-11-19,990254.26,46
2024-11-21,990254.26,46
2024-11-22,990254.26,46
2024-11-25,990254.26,46
2024-11-26,990254.26,46
2024-11-27,990254.26,46
2024-11-28,990254.26,46
2024-11-29,990254.26,46
2024-12-02,990254.26,46
2024-12-03,990254.26,46
2024-12-04,990254.26,46
2024-12-05,990254.26,46
2024-12-06,990254.26,46
2024-12-09,990254.26,46
2024-12-10,990254.26,46
2024-12-11,990254.26,46
2024-12-12,990254.26,46
2024-12-13,990254.26,46
2024-12-16,990254.26,46
2024-12-17,990254.26,46
2024-12-18,990254.26,46
2024-12-19,990254.26,46
2024-12-20,990254.26,46
2024-12-23,990254.26,46
2024-12-24,990254.26,46
2024-12-26,990254.26,46
2024-12-27,990254.26,46
2024-12-30,990254.26,46
2024-12-31,990254.26,46
